{
  "feature_names_out": [
    "omega",
    "omega^2",
    "omega^3",
    "omega^4",
    "omega^5"
  ],
  "coefficients": [
    0.8103319406509399,
    -0.1376745104789734,
    0.05873467028141022,
    -0.1149073913693428,
    0.11061923950910568
  ],
  "intercept": 1.5599063374338584e-08
}