{
  "fc1.weight": [
    [
      0.2920062243938446
    ],
    [
      0.28378692269325256
    ],
    [
      -0.6845149397850037
    ],
    [
      0.19127723574638367
    ],
    [
      0.47710034251213074
    ],
    [
      -0.716846764087677
    ],
    [
      -0.00012684318062383682
    ],
    [
      -0.5905606746673584
    ],
    [
      -0.7282381653785706
    ],
    [
      -0.4542292058467865
    ],
    [
      0.13922718167304993
    ],
    [
      -0.0001774292322807014
    ],
    [
      0.00013824213237967342
    ],
    [
      0.45242783427238464
    ],
    [
      0.19873292744159698
    ],
    [
      -0.4168289005756378
    ]
  ],
  "fc1.bias": [
    -0.00043845828622579575,
    -0.5103805065155029,
    -0.9383893013000488,
    -0.8591702580451965,
    0.505082368850708,
    -1.070939302444458,
    -0.00012084027548553422,
    0.4204244613647461,
    -1.0439783334732056,
    -0.5936257839202881,
    -0.8723804950714111,
    0.00023375879391096532,
    -0.00018230953719466925,
    -0.14699406921863556,
    0.30053991079330444,
    0.028790375217795372
  ],
  "fc2.weight": [
    [
      -0.0017065174179151654,
      -0.047635532915592194,
      -1.0396323204040527,
      -0.21372006833553314,
      0.3168013095855713,
      -1.6970453262329102,
      4.80700473417528e-05,
      0.27014172077178955,
      -1.8286614418029785,
      -0.7790480256080627,
      -0.10240091383457184,
      -0.0001622876588953659,
      0.00019551673904061317,
      -0.01589323580265045,
      0.0003946486976929009,
      0.0019015154102817178
    ],
    [
      -0.06570637971162796,
      -0.026577593758702278,
      0.13723275065422058,
      -0.10130854696035385,
      -0.00192515947856009,
      0.22834131121635437,
      -0.0002258067106595263,
      0.05155257135629654,
      0.3243114948272705,
      0.0012830826453864574,
      -0.0013329513603821397,
      0.00016882232739590108,
      -6.739463424310088e-05,
      -0.040050484240055084,
      -0.11399488896131516,
      0.2214445173740387
    ],
    [
      -1.1133110092487186e-05,
      -1.525040715932846e-05,
      -5.054425855632871e-06,
      3.3688978874124587e-05,
      8.25303141027689e-06,
      -6.010853758198209e-05,
      0.00014259250019676983,
      2.4724227841943502e-05,
      4.96334905619733e-06,
      -4.032062133774161e-05,
      -4.624507710104808e-06,
      2.4510809453204274e-05,
      -4.699207784142345e-05,
      -1.4702636690344661e-05,
      1.3867720554117113e-05,
      -1.362441253149882e-06
    ],
    [
      0.02335285022854805,
      0.0009155151783488691,
      -0.04125479981303215,
      0.06322947889566422,
      0.0033625417854636908,
      -0.0018797323573380709,
      -4.9589580157771707e-05,
      -0.36607101559638977,
      -0.0021170887630432844,
      -0.06078612804412842,
      0.10902301967144012,
      0.00010715568350860849,
      -0.00014038695371709764,
      0.3865567743778229,
      0.0007795486599206924,
      -0.3099759519100189
    ],
    [
      -0.06740443408489227,
      -0.16975027322769165,
      0.16828250885009766,
      -0.1034616008400917,
      -0.20458419620990753,
      0.029570097103714943,
      -9.143580973614007e-05,
      0.014423558488488197,
      0.3965076506137848,
      0.18750381469726562,
      -0.0012307262513786554,
      6.1008468037471175e-06,
      -2.4522450985386968e-05,
      -0.05680103972554207,
      -0.0002961030986625701,
      0.0029981473926454782
    ],
    [
      -0.0012931593228131533,
      -0.16771958768367767,
      0.039664626121520996,
      -0.000297992373816669,
      -0.0006622337969020009,
      0.18843145668506622,
      -0.00024067590129561722,
      0.005542780738323927,
      0.0005491614574566483,
      0.0005561792058870196,
      -0.15137434005737305,
      -2.5106284738285467e-05,
      4.0877144783735275e-05,
      -0.09279927611351013,
      -0.00042089575435966253,
      0.0012581797782331705
    ],
    [
      -0.16607818007469177,
      -0.003254283918067813,
      0.46874991059303284,
      -0.003025464713573456,
      -0.020241474732756615,
      0.6839267611503601,
      -8.21331559563987e-05,
      0.0029412368312478065,
      0.6152657866477966,
      0.09680423885583878,
      -0.002722520614042878,
      -3.90281347790733e-05,
      -2.2935390006750822e-05,
      -0.00816766545176506,
      0.0011043575359508395,
      0.004443816840648651
    ],
    [
      -0.0012714777840301394,
      -0.0167088583111763,
      0.0004996620118618011,
      -0.3272521197795868,
      -0.0006765343714505434,
      0.0003865536709781736,
      -1.1187985364813358e-06,
      0.001969030359759927,
      0.0004428995889611542,
      0.0005403361283242702,
      -0.12318705767393112,
      -5.493771459441632e-05,
      8.652936958242208e-05,
      -0.0017013575416058302,
      -0.0002662053448148072,
      0.0015161971095949411
    ],
    [
      -0.001169525203295052,
      -0.2544606626033783,
      0.00010687264148145914,
      -0.36946529150009155,
      -0.0002370879810769111,
      -4.0332291973754764e-05,
      -0.00020510816830210388,
      0.014932898804545403,
      1.7985963495448232e-05,
      6.799207767471671e-05,
      -0.34087350964546204,
      6.21908184257336e-05,
      0.00011651542445179075,
      -0.0017133413348346949,
      0.04602523893117905,
      0.0015145953511819243
    ],
    [
      0.041881538927555084,
      0.11235376447439194,
      -0.0009302804246544838,
      0.07620567083358765,
      0.20346848666667938,
      -0.0008499566465616226,
      -2.2039705072529614e-05,
      -0.0202113576233387,
      -0.1711849719285965,
      -0.06998727470636368,
      0.20978090167045593,
      0.00019884815264958888,
      -6.423438026104122e-05,
      0.014762385748326778,
      0.0004653902433346957,
      -0.0017677227733656764
    ],
    [
      0.001444371184334159,
      0.29263266921043396,
      -0.0006089003873057663,
      0.04258685186505318,
      0.0007964055985212326,
      -0.0004995492054149508,
      -7.484501111321151e-05,
      -0.09584200382232666,
      -0.0005405417759902775,
      -0.0005496299127116799,
      0.2644723653793335,
      -0.00015366687148343772,
      -2.869388845283538e-05,
      0.0022612258326262236,
      6.912852404639125e-05,
      -0.09308560192584991
    ],
    [
      0.00010705168097047135,
      1.2441982107702643e-05,
      4.403279672260396e-05,
      6.96845308993943e-05,
      -4.35287001891993e-05,
      -3.292003020760603e-05,
      -1.718970452202484e-05,
      -0.00018505066691432148,
      -6.329012103378773e-05,
      9.206769755110145e-05,
      9.656760084908456e-05,
      0.00023096209042705595,
      0.00010599758388707414,
      2.3203028831630945e-08,
      -0.0002617930877022445,
      -7.653883949387819e-05
    ],
    [
      -0.0009889175416901708,
      -0.2528282105922699,
      0.00016465334920212626,
      -0.2578895688056946,
      -0.0002849121519830078,
      7.098406786099076e-05,
      -7.557382923550904e-05,
      0.2775425314903259,
      0.00014384824316948652,
      7.443520007655025e-05,
      -0.2320377081632614,
      6.093588308431208e-05,
      0.00029510853346437216,
      -0.0017125377198681235,
      0.07739399373531342,
      0.0013602192047983408
    ],
    [
      -5.480826803250238e-05,
      1.6263220459222794e-07,
      3.851720248349011e-05,
      -1.9863600755343214e-05,
      3.4013428376056254e-05,
      2.5036790248122998e-05,
      2.2106578398961574e-05,
      -4.382788029033691e-05,
      -7.4963677434425335e-06,
      2.4789562758087413e-06,
      1.0968269634759054e-05,
      0.00010354341065976769,
      -5.3845185902900994e-05,
      4.779269511345774e-05,
      2.784384196274914e-05,
      -0.00011716374137904495
    ],
    [
      0.0024793914053589106,
      0.003058847039937973,
      -0.40026649832725525,
      0.002709653228521347,
      0.20046237111091614,
      -0.1502031683921814,
      0.000124411191791296,
      -0.1275414228439331,
