{
  "feature_names_out": [
    "omega",
    "omega^2",
    "omega^3",
    "omega^4",
    "omega^5"
  ],
  "coefficients": [
    0.8038944005966187,
    -0.12984606623649597,
    0.07159700989723206,
    -0.12060339003801346,
    0.09877153486013412
  ],
  "intercept": 6.797220919452229e-08
}