{
  "fc1.weight": [
    [
      0.4445526897907257
    ],
    [
      -0.00015897475532256067
    ],
    [
      0.15683291852474213
    ],
    [
      -0.6310228109359741
    ],
    [
      -0.6353132724761963
    ],
    [
      -0.00016584053810220212
    ],
    [
      -0.0001601582334842533
    ],
    [
      0.7608997225761414
    ],
    [
      0.00014126436144579202
    ],
    [
      -0.14462272822856903
    ],
    [
      0.9293540120124817
    ],
    [
      0.0003945301868952811
    ],
    [
      0.00022834440460428596
    ],
    [
      -0.00011372291191946715
    ],
    [
      -0.17591717839241028
    ],
    [
      -0.3936649262905121
    ]
  ],
  "fc1.bias": [
    -0.0002424489357508719,
    -1.2395936209941283e-05,
    -0.4326381981372833,
    -1.193732738494873,
    -0.5035679936408997,
    0.00015309300215449184,
    0.00015015891403891146,
    1.331465244293213,
    -2.9109140086802654e-05,
    0.16326721012592316,
    1.1491132974624634,
    -1.5925708794384263e-05,
    -7.720236317254603e-05,
    -0.00021932399249635637,
    0.8772233724594116,
    0.2855979800224304
  ],
  "fc2.weight": [
    [
      0.000924199353903532,
      4.108955181436613e-05,
      0.00028246204601600766,
      -0.00024002237478271127,
      -0.1716751605272293,
      -0.00016425883222837,
      1.626044831937179e-05,
      0.0002754441520664841,
      4.7315417759818956e-05,
      -0.00034891083487309515,
      0.33502015471458435,
      3.244859544793144e-05,
      -0.0001726066111586988,
      6.330943142529577e-05,
      -0.0002921493141911924,
      -0.005941311828792095
    ],
    [
      -4.595732025336474e-05,
      0.0003680979716591537,
      -6.796225352445617e-05,
      3.512825060170144e-05,
      0.00014748226385563612,
      1.1322027603455354e-05,
      1.825107028707862e-05,
      -0.0001880335039459169,
      5.540416168514639e-06,
      -0.00011748102406272665,
      6.841411959612742e-05,
      -4.554358747554943e-05,
      5.726790550397709e-05,
      -0.00015032757073640823,
      0.0001594945788383484,
      -0.00014490900503005832
    ],
    [
      -0.00012329788296483457,
      -7.670448394492269e-05,
      8.617411367595196e-06,
      -1.3478533219313249e-05,
      -4.236171662341803e-06,
      5.793343007098883e-06,
      0.00011421969975344837,
      0.0003173143486492336,
      2.4031396606005728e-05,
      0.00015647873806301504,
      -3.83972619601991e-05,
      -2.2985812393017113e-05,
      1.3517344996216707e-05,
      -0.00010369662777520716,
      0.00026167312171310186,
      0.0001942820817930624
    ],
    [
      0.00026165792951360345,
      0.00010775828559417278,
      6.186622340464965e-05,
      -0.00017154612578451633,
      -0.0002377908822381869,
      -6.676399789284915e-05,
      3.9669626858085394e-05,
      0.0002069871552521363,
      -0.00011433214967837557,
      -5.359165515983477e-05,
      0.0002694072318263352,
      8.248576341429725e-05,
      -0.0002238934685010463,
      5.4954081861069426e-05,
      -6.578073225682601e-05,
      -0.00024989177472889423
    ],
    [
      0.0434204526245594,
      1.799461097107269e-05,
      0.0002592477248981595,
      -0.00022560502111446112,
      -0.0005882234545424581,
      -0.0001397535961586982,
      0.00019824528135359287,
      0.00025504850782454014,
      5.907488230150193e-05,
      -0.06340618431568146,
      0.12141762673854828,
      -0.0001962714595720172,
      5.950508784735575e-05,
      5.605542173725553e-05,
      -0.17796175181865692,
      -0.2083483189344406
    ],
    [
      0.00017282456974498928,
      8.06376920081675e-06,
      5.939981929259375e-05,
      0.00012689933646470308,
      -0.00040542849455960095,
      8.163638995029032e-05,
      2.9038928914815187e-05,
      5.0808223022613674e-05,
      -0.00014328115503303707,
      -1.839683136495296e-05,
      1.7374259186908603e-05,
      -4.2944520828314126e-07,
      -0.00015671974688302726,
      -5.1416711357887834e-05,
      3.0767114367336035e-07,
      -5.338952178135514e-06
    ],
    [
      -5.2315619541332126e-05,
      0.0002125594619428739,
      -9.218040213454515e-05,
      -1.3004165887832642,
      -3.085419302806258e-05,
      -1.3174909327062778e-05,
      0.00010896922321990132,
      2.025782823562622,
      5.666899960488081e-05,
      -0.0001403473288519308,
      0.5452007055282593,
      -0.0001461703359382227,
      -3.213682794012129e-05,
      0.00014731843839399517,
      0.00029463268583640456,
      0.00023656336998101324
    ],
    [
      0.0005655079148709774,
      -1.977679130504839e-05,
      0.06995458155870438,
      -0.00019606814021244645,
      -0.0003793704090639949,
      5.8997706219088286e-05,
      -3.627581463661045e-06,
      0.00024050302454270422,
      9.092366963159293e-05,
      -0.00017970924091059715,
      0.0003282579709775746,
      4.712121153715998e-05,
      -0.00020398743799887598,
      -0.00013281354040373117,
      -0.08008450269699097,
      -0.0006314093479886651
    ],
    [
      -5.003850674256682e-06,
      0.00015085627092048526,
      0.0001997753424802795,
      0.00012113052071072161,
      4.006432936876081e-05,
      -0.00019297706603538245,
      0.00010926116374321282,
      0.00011691055988194421,
      3.3907577744685113e-05,
      -0.00015528366202488542,
      -6.965691136429086e-05,
      0.00017847777053248137,
      -6.773777568014339e-05,
      -0.00012287346180528402,
      4.780210292665288e-05,
      -9.571094415150583e-05
    ],
    [
      -0.10543007403612137,
      -0.00014523288700729609,
      -0.00027256819885224104,
      0.00022972117585595697,
      0.0005435406346805394,
      1.735716068651527e-05,
      3.3828968298621476e-05,
      -0.0002536616229917854,
      0.00015600612096022815,
      0.00037096161395311356,
      -0.10498958081007004,
      3.761029802262783e-05,
      -6.055370977264829e-05,
      5.705660441890359e-07,
      0.20983746647834778,
      0.0231913011521101
    ],
    [
      -0.0609845407307148,
      -6.820463750045747e-05,
      -0.00047652365174144506,
      0.0003710805904120207,
      0.3528047502040863,
      6.417340046027675e-05,
      1.3817920262226835e-05,
      -0.2727203071117401,
      6.511031824629754e-05,
      0.00038846206734888256,
      -0.6340534090995789,
      -4.9950744141824543e-05,
      0.00013301780563779175,
      2.884222885768395e-05,
      0.0006361276027746499,
      0.0010922333458438516
    ],
    [
      -0.00012199903721921146,
      3.860072320094332e-05,
      1.9127182895317674e-05,
      -4.300412183511071e-05,
      0.00011848201393149793,
      -0.0002567910705693066,
      -0.00010454035509610549,
      0.00033208480454050004,
      -0.00012240128125995398,
      7.800370076438412e-05,
      -0.00013919564662501216,
      9.826790483202785e-05,
      -9.37443328439258e-05,
      -5.6542965467087924e-05,
      0.00010180541721638292,
      5.708531170967035e-05
    ],
    [
      0.11135044693946838,
      9.680153743829578e-05,
      0.23318344354629517,
      -0.00017580948770046234,
      -0.18372473120689392,
      -0.00015851309581194073,
      4.0442719182465225e-05,
      0.00019673512724693865,
      -0.0002526438911445439,
      -0.09071342647075653,
      0.08530481159687042,
      -0.0001280042197322473,
      0.00022208695008885115,
      -0.0002601255546323955,
      -0.05739303678274155,
      -0.2784956991672516
    ],
    [
      -0.08169417083263397,
      -1.89196925930446e-05,
      -0.15146516263484955,
      0.00022178819926921278,
      0.0005637635476887226,
      0.00012127682566642761,
      -9.385671000927687e-05,
      -0.00026180033455602825,
      -2.189612132497132e-06,
      0.00034710479667410254,
      -0.00044875210733152926,
      0.00024182363995350897,
      -0.00014141105930320919,
      0.0002772341249510646,
      0.2513451874256134,
      0.011139696463942528
    ],
    [
      -0.1435890793800354,
      0.00042857666267082095,
