{
  "fc1.weight": [
    [
      0.0020109431352466345,
      0.03517482429742813,
      0.6138380169868469
    ],
    [
      0.11267581582069397,
      0.32683324813842773,
      -0.12797266244888306
    ],
    [
      0.3419472873210907,
      -0.3610858917236328,
      -0.24478544294834137
    ],
    [
      -0.4740699827671051,
      -0.5329809188842773,
      -0.29017195105552673
    ],
    [
      -0.10533083230257034,
      -0.12318974733352661,
      0.6177628636360168
    ],
    [
      0.4257608950138092,
      -0.4544447064399719,
      -0.03416413813829422
    ],
    [
      -0.1707770824432373,
      0.46255090832710266,
      0.6799799799919128
    ],
    [
      -0.23400473594665527,
      -0.0007306102779693902,
      -0.20219749212265015
    ],
    [
      0.5669320821762085,
      -0.11225233227014542,
      0.6452988386154175
    ],
    [
      0.18667086958885193,
      0.22063390910625458,
      -0.4633079469203949
    ],
    [
      -2.546873929532012e-06,
      -1.3199513887229841e-05,
      7.469207048416138e-07
    ],
    [
      -0.021532699465751648,
      0.0010064587695524096,
      0.0294695645570755
    ],
    [
      0.03810778260231018,
      -0.09765689074993134,
      0.6540231704711914
    ],
    [
      -0.1732322871685028,
      0.0820896252989769,
      -0.520530104637146
    ],
    [
      -0.3165927827358246,
      0.13501834869384766,
      0.28437313437461853
    ],
    [
      0.21977835893630981,
      0.1839616596698761,
      -0.597274661064148
    ]
  ],
  "fc1.bias": [
    0.9641652703285217,
    -0.14060890674591064,
    -1.4053986072540283,
    -0.26122191548347473,
    1.2852131128311157,
    0.8813650608062744,
    0.5564538836479187,
    -0.0006520660826936364,
    0.3046913146972656,
    -1.0816540718078613,
    9.493622201262042e-06,
    0.2262718826532364,
    1.0968360900878906,
    -1.4453569650650024,
    -0.03793305531144142,
    -1.3304119110107422
  ],
  "fc2.weight": [
    [
      -0.0009398466791026294,
      0.353831022977829,
      0.03932072967290878,
      -0.19101828336715698,
      -0.17028065025806427,
      0.0003229345311410725,
      -0.06649196147918701,
      0.0007238109828904271,
      0.0356268510222435,
      0.1861431747674942,
      2.7037487598136067e-05,
      -0.008840793743729591,
      -0.0008472286863252521,
      -0.0001778755831765011,
      -0.3580196797847748,
      0.43440014123916626
    ],
    [
      0.0034484725911170244,
      0.00046500784810632467,
      -0.006390362977981567,
      0.0002492903149686754,
      -1.3100422620773315,
      -5.406164564192295e-05,
      -0.5373469591140747,
      0.001197110628709197,
      -0.23168979585170746,
      0.5975159406661987,
      -1.3622742699226364e-05,
      0.000432204658864066,
      -0.4603807032108307,
      0.286150723695755,
      -0.10489165782928467,
      0.8752398490905762
    ],
    [
      0.01836879923939705,
      0.0019294898957014084,
      -0.3167731463909149,
      -0.0014279850292950869,
      0.1010182797908783,
      0.4153868556022644,
      -0.00017570200725458562,
      0.0004061141808051616,
      -0.000718653725925833,
      0.00040970140253193676,
      -4.221481140120886e-05,
      -7.272866787388921e-05,
      -0.00017506038420833647,
      -0.6367153525352478,
      -0.0011146439937874675,
      0.00015605711087118834
    ],
    [
      0.000509132631123066,
      -0.001699593267403543,
      0.2577187120914459,
      0.000526153133250773,
      -0.09717576950788498,
      -0.0659344494342804,
      0.0005422475514933467,
      -0.0005288341781124473,
      0.0004752735258080065,
      -0.0006942451000213623,
      3.1998752092476934e-07,
      6.327741721179336e-05,
      0.0006681064260192215,
      0.5549807548522949,
      0.04438073933124542,
      -0.0004910389543510973
    ],
    [
      0.0004235662054270506,
      -0.0027103214524686337,
      0.2749326229095459,
      -0.042648714035749435,
      0.0759396106004715,
      -0.0003630842547863722,
      -0.006463315337896347,
      -0.0011240718886256218,
      -0.00047463635564781725,
      -0.27535948157310486,
      5.30980178155005e-05,
      -0.03878014534711838,
      0.4352385401725769,
      -0.1877978891134262,
      0.0007491809083148837,
      -0.6056256890296936
    ],
    [
      0.37055882811546326,
      0.0006859463755972683,
      -0.11530056595802307,
      -0.0502653494477272,
      1.7715246677398682,
      -0.0012725114356726408,
      1.0313193798065186,
      -0.10313989967107773,
      0.6850486397743225,
      -0.6147944331169128,
      -4.2626794311217964e-05,
      0.08237332850694656,
      0.932090163230896,
      -0.39328646659851074,
      -0.0011304462095722556,
      -1.2261326313018799
    ],
    [
      0.0026229373179376125,
      0.0025234275963157415,
      -0.03527464345097542,
      -0.001604884397238493,
      -0.8693928122520447,
      0.01645449548959732,
      -0.233786478638649,
      0.0008254325948655605,
      -0.4072183072566986,
      0.6085240244865417,
      -1.0857957931875717e-05,
      0.00130644126329571,
      -0.34805038571357727,
      -0.0003388654440641403,
      -0.28814011812210083,
      0.6851515769958496
    ],
    [
      -1.0876960754394531,
      -0.001688934862613678,
      0.3268274962902069,
      0.16740164160728455,
      -3.047039747238159,
      -0.0006469337968155742,
      -0.6108602285385132,
      0.000856055470649153,
      -0.39447441697120667,
      1.219731330871582,
      4.775769411935471e-05,
      -0.0014758144970983267,
      -1.791577696800232,
      0.3507235646247864,
      0.0004426240047905594,
      1.9392696619033813
    ],
    [
      0.000421725184423849,
      -0.0013350063236430287,
      0.5857104063034058,
      0.0007127928547561169,
      -0.03558040037751198,
      -0.001038930146023631,
      0.0009695225744508207,
      -0.0005804116954095662,
      -2.8299866244196892e-05,
      -0.000547736301086843,
      -2.198344373027794e-05,
      8.13615188235417e-05,
      0.00031042215414345264,
      0.37998539209365845,
      0.001491414732299745,
      -0.00026644906029105186
    ],
    [
      -0.40697935223579407,
      -0.0013270474737510085,
      0.6174537539482117,
      0.23589417338371277,
      -0.0009713752660900354,
      -0.4031755030155182,
      3.616198955569416e-05,
      4.4072847231291234e-05,
      0.0003172984579578042,
      -0.0001568447332829237,
      1.738946230034344e-05,
      -1.9005819922313094e-05,
      -0.2574610412120819,
      0.5983906984329224,
      0.0009835995733737946,
      0.00018914637621492147
    ],
    [
      -1.2457172870635986,
      -0.0006504448829218745,
      1.1346511840820312,
      0.6998910903930664,
      -0.12000912427902222,
      -0.4134807288646698,
      0.00035472906893119216,
      0.0007859063916839659,
      0.00016165582928806543,
      0.000916839693672955,
      -2.529724770283792e-05,
      -5.945365410298109e-05,
      -0.5371278524398804,
      0.1663130670785904,
      0.0007418942404910922,
      0.0014155287062749267
    ],
    [
      -0.0012910774676129222,
      -0.0023215231485664845,
      0.19030894339084625,
      0.0637989342212677,
      0.5473878979682922,
      -0.023138316348195076,
      0.17311574518680573,
      -0.0007242372957989573,
      -0.00041518223588354886,
      -0.2938573658466339,
      -1.8420760170556605e-06,
      -0.0015930036315694451,
      0.4473608136177063,
      0.0012836005771532655,
      0.057454150170087814,
      -0.7979873418807983
    ],
    [
      0.0006193591398186982,
      -0.11437308043241501,
      0.218955859541893,
      -0.03192465379834175,
      0.0006420924910344183,
      0.2390121966600418,
      -0.013503806665539742,
      -0.002848271047696471,
      0.00028862239560112357,
      -0.43253251910209656,
      7.576719326607417e-06,
      -0.04076574742794037,
      0.0007452825084328651,
      0.226377472281456,
      0.0010651714401319623,
      -0.57291579246521
    ],
    [
