{
  "feature_names_out": [
    "q1",
    "q2",
    "r",
    "q1^2",
    "q1 q2",
    "q1 r",
    "q2^2",
    "q2 r",
    "r^2",
    "q1^3",
    "q1^2 q2",
    "q1^2 r",
    "q1 q2^2",
    "q1 q2 r",
    "q1 r^2",
    "q2^3",
    "q2^2 r",
    "q2 r^2",
    "r^3",
    "q1^4",
    "q1^3 q2",
    "q1^3 r",
    "q1^2 q2^2",
    "q1^2 q2 r",
    "q1^2 r^2",
    "q1 q2^3",
    "q1 q2^2 r",
    "q1 q2 r^2",
    "q1 r^3",
    "q2^4",
    "q2^3 r",
    "q2^2 r^2",
    "q2 r^3",
    "r^4",
    "q1^5",
    "q1^4 q2",
    "q1^4 r",
    "q1^3 q2^2",
    "q1^3 q2 r",
    "q1^3 r^2",
    "q1^2 q2^3",
    "q1^2 q2^2 r",
    "q1^2 q2 r^2",
    "q1^2 r^3",
    "q1 q2^4",
    "q1 q2^3 r",
    "q1 q2^2 r^2",
    "q1 q2 r^3",
    "q1 r^4",
    "q2^5",
    "q2^4 r",
    "q2^3 r^2",
    "q2^2 r^3",
    "q2 r^4",
    "r^5"
  ],
  "coefficients": [
    0.1561650037765503,
    0.14991208910942078,
    -0.2766079008579254,
    0.006510220468044281,
    0.04449097812175751,
    -0.04513514041900635,
    0.0036630481481552124,
    -0.04268947243690491,
    -0.0030491650104522705,
    0.01103571429848671,
    0.010964661836624146,
    -0.02408546954393387,
    0.00730818510055542,
    -0.030705079436302185,
    0.006413094699382782,
    0.009466424584388733,
    -0.006155766546726227,
    0.0003148280084133148,
    0.0922526866197586,
    -0.0016234777867794037,
    -0.0002580512664280832,
    -0.00012731552124023438,
    -0.003190748393535614,
    -0.0020835474133491516,
    -0.006593473255634308,
    0.0005519185215234756,
    -0.00030868907924741507,
    0.1474417746067047,
    -0.25583788752555847,
    -0.0022819265723228455,
    -0.0022580325603485107,
    0.005246192216873169,
    -0.2582593560218811,
    0.3685905337333679,
    -0.008666466921567917,
    -0.010610774159431458,
    0.014340750873088837,
    0.0009017810225486755,
    -0.0007226839661598206,
    -0.009483862668275833,
    -0.0011689811944961548,
    0.0033206650987267494,
    0.0002742565702646971,
    0.005997493863105774,
    -0.005991170648485422,
    0.00353119894862175,
    0.0001706629991531372,
    -0.12860387563705444,
    0.2320389598608017,
    -0.0038259299471974373,
    0.012815386056900024,
    -0.009740784764289856,
    -0.010008109733462334,
    0.2424575686454773,
    -0.4123886227607727
  ],
  "intercept": 2.290842715524377e-08
}