{
  "feature_names_out": [
    "q1",
    "q2",
    "r",
    "q1^2",
    "q1 q2",
    "q1 r",
    "q2^2",
    "q2 r",
    "r^2",
    "q1^3",
    "q1^2 q2",
    "q1^2 r",
    "q1 q2^2",
    "q1 q2 r",
    "q1 r^2",
    "q2^3",
    "q2^2 r",
    "q2 r^2",
    "r^3",
    "q1^4",
    "q1^3 q2",
    "q1^3 r",
    "q1^2 q2^2",
    "q1^2 q2 r",
    "q1^2 r^2",
    "q1 q2^3",
    "q1 q2^2 r",
    "q1 q2 r^2",
    "q1 r^3",
    "q2^4",
    "q2^3 r",
    "q2^2 r^2",
    "q2 r^3",
    "r^4",
    "q1^5",
    "q1^4 q2",
    "q1^4 r",
    "q1^3 q2^2",
    "q1^3 q2 r",
    "q1^3 r^2",
    "q1^2 q2^3",
    "q1^2 q2^2 r",
    "q1^2 q2 r^2",
    "q1^2 r^3",
    "q1 q2^4",
    "q1 q2^3 r",
    "q1 q2^2 r^2",
    "q1 q2 r^3",
    "q1 r^4",
    "q2^5",
    "q2^4 r",
    "q2^3 r^2",
    "q2^2 r^3",
    "q2 r^4",
    "r^5"
  ],
  "coefficients": [
    0.14987704157829285,
    0.1529344916343689,
    -0.27227964997291565,
    0.0073451511561870575,
    0.05324448645114899,
    -0.05379529297351837,
    -0.00014975666999816895,
    -0.04501558840274811,
    -0.0027328617870807648,
    0.013571184128522873,
    0.012089625000953674,
    -0.02177302911877632,
    0.004900909960269928,
    -0.03241525590419769,
    0.014047432690858841,
    0.008185610175132751,
    0.002363339066505432,
    0.0013793744146823883,
    0.08160806447267532,
    -0.005481209605932236,
    -0.003724456764757633,
    0.005868740379810333,
    -0.0009890832006931305,
    0.0002853870391845703,
    -0.0021007731556892395,
    -0.0005106003955006599,
    -0.001053659594617784,
    0.14378274977207184,
    -0.253562867641449,
    -0.0011131614446640015,
    -2.218782901763916e-05,
    0.004612460732460022,
    -0.26312771439552307,
    0.36660122871398926,
    -0.006808346137404442,
    -0.008224979043006897,
    0.011853434145450592,
    -0.0019787847995758057,
    0.005626365542411804,
    -0.00943455658853054,
    -0.0015530511736869812,
    0.0028258543461561203,
    -0.004054219461977482,
    0.007117658853530884,
    -0.0023143342696130276,
    -0.0004056096076965332,
    -0.00026550889015197754,
    -0.12851105630397797,
    0.22885647416114807,
    -0.00538027286529541,
    -0.0005544424057006836,
    -0.0005723834037780762,
    -0.005301911383867264,
    0.23860502243041992,
    -0.4115857183933258
  ],
  "intercept": 2.7424764681427405e-08
}