{
  "feature_names_out": [
    "n",
    "T",
    "V",
    "n^2",
    "n T",
    "n V",
    "T^2",
    "T V",
    "V^2",
    "n^3",
    "n^2 T",
    "n^2 V",
    "n T^2",
    "n T V",
    "n V^2",
    "T^3",
    "T^2 V",
    "T V^2",
    "V^3",
    "n^4",
    "n^3 T",
    "n^3 V",
    "n^2 T^2",
    "n^2 T V",
    "n^2 V^2",
    "n T^3",
    "n T^2 V",
    "n T V^2",
    "n V^3",
    "T^4",
    "T^3 V",
    "T^2 V^2",
    "T V^3",
    "V^4",
    "n^5",
    "n^4 T",
    "n^4 V",
    "n^3 T^2",
    "n^3 T V",
    "n^3 V^2",
    "n^2 T^3",
    "n^2 T^2 V",
    "n^2 T V^2",
    "n^2 V^3",
    "n T^4",
    "n T^3 V",
    "n T^2 V^2",
    "n T V^3",
    "n V^4",
    "T^5",
    "T^4 V",
    "T^3 V^2",
    "T^2 V^3",
    "T V^4",
    "V^5"
  ],
  "coefficients": [
    0.44266021251678467,
    0.4399060606956482,
    -0.44170573353767395,
    0.000554889440536499,
    0.15109312534332275,
    -0.14485549926757812,
    -0.00042022019624710083,
    -0.14299960434436798,
    0.1216198205947876,
    0.00012236414477229118,
    0.0013369722291827202,
    -0.001330152153968811,
    -0.000304490327835083,
    -0.05058512091636658,
    0.06386354565620422,
    -0.0035811327397823334,
    0.0001419559121131897,
    0.06125304847955704,
    -0.08382301777601242,
    -3.1556934118270874e-05,
    -0.00027219951152801514,
    0.00011549144983291626,
    -0.0004533901810646057,
    -3.4749507904052734e-05,
    -0.00017524883151054382,
    -7.484480738639832e-05,
    -0.00030000507831573486,
    0.03584790602326393,
    -0.05747013911604881,
    0.0005567893385887146,
    -0.0002513602375984192,
    0.00025090575218200684,
    -0.05817623436450958,
    0.07880966365337372,
    -4.708766937255859e-06,
    -0.0011246837675571442,
    0.00036663562059402466,
    -0.0007000938057899475,
    0.0005398448556661606,
    0.0005049481987953186,
    -5.161762237548828e-05,
    -4.217028617858887e-06,
    0.00027432292699813843,
    0.0008861571550369263,
    0.0009660571813583374,
    9.498000144958496e-05,
    -0.00032329559326171875,
    -0.020508863031864166,
    0.033841732889413834,
    0.0025096386671066284,
    -0.0008617844432592392,
    7.063895463943481e-05,
    0.00048301368951797485,
    0.03530348837375641,
    -0.060822248458862305
  ],
  "intercept": -4.714122425752976e-09
}