{
  "feature_names_out": [
    "n",
    "T",
    "V",
    "n^2",
    "n T",
    "n V",
    "T^2",
    "T V",
    "V^2",
    "n^3",
    "n^2 T",
    "n^2 V",
    "n T^2",
    "n T V",
    "n V^2",
    "T^3",
    "T^2 V",
    "T V^2",
    "V^3",
    "n^4",
    "n^3 T",
    "n^3 V",
    "n^2 T^2",
    "n^2 T V",
    "n^2 V^2",
    "n T^3",
    "n T^2 V",
    "n T V^2",
    "n V^3",
    "T^4",
    "T^3 V",
    "T^2 V^2",
    "T V^3",
    "V^4",
    "n^5",
    "n^4 T",
    "n^4 V",
    "n^3 T^2",
    "n^3 T V",
    "n^3 V^2",
    "n^2 T^3",
    "n^2 T^2 V",
    "n^2 T V^2",
    "n^2 V^3",
    "n T^4",
    "n T^3 V",
    "n T^2 V^2",
    "n T V^3",
    "n V^4",
    "T^5",
    "T^4 V",
    "T^3 V^2",
    "T^2 V^3",
    "T V^4",
    "V^5"
  ],
  "coefficients": [
    0.4497188329696655,
    0.4407505393028259,
    -0.42741596698760986,
    0.003444090485572815,
    0.1506480872631073,
    -0.1338179111480713,
    -0.008994899690151215,
    -0.14624619483947754,
    0.12771525979042053,
    -0.017186112701892853,
    0.012906510382890701,
    0.01057625561952591,
    -0.006981484591960907,
    -0.04823242500424385,
    0.06345890462398529,
    -0.012116044759750366,
    -0.009529277682304382,
    0.057406965643167496,
    -0.11167353391647339,
    -0.0038672201335430145,
    0.0026756078004837036,
    -0.007621465250849724,
    0.0023469850420951843,
    -0.0006881877779960632,
    -0.0003105774521827698,
    -0.0014995522797107697,
    -0.0020186156034469604,
    0.03302070498466492,
    -0.05899127945303917,
    0.005225066095590591,
    0.002152925357222557,
    0.0008380711078643799,
    -0.0545596182346344,
    0.07238232344388962,
    0.011236026883125305,
    -0.012059591710567474,
    -0.006144173443317413,
    -0.009898729622364044,
    0.00306506035849452,
    0.004187334328889847,
    0.004244647920131683,
    -0.0014252662658691406,
    -0.00047188252210617065,
    -0.0010890662670135498,
    0.011377304792404175,
    -0.0034707561135292053,
    0.0007987022399902344,
    -0.02150658890604973,
    0.031380198895931244,
    0.003414943814277649,
    0.0022312048822641373,
    0.0060503482818603516,
    0.006628688424825668,
    0.032648965716362,
    -0.046177610754966736
  ],
  "intercept": 4.837495737319841e-09
}