{
  "fc1.weight": [
    [
      9.283057443099096e-05
    ],
    [
      2.099141784128733e-05
    ],
    [
      -2.2482308850158006e-06
    ],
    [
      -0.00012074707046849653
    ],
    [
      -5.0242426368640736e-05
    ],
    [
      0.6129602789878845
    ],
    [
      0.3632689416408539
    ],
    [
      6.29180867690593e-05
    ],
    [
      -0.4779629409313202
    ],
    [
      -0.41967663168907166
    ],
    [
      -0.0002201921452069655
    ],
    [
      -0.7474252581596375
    ],
    [
      3.114758510491811e-05
    ],
    [
      2.9144819563953206e-05
    ],
    [
      0.00022780391736887395
    ],
    [
      -0.0001852277055149898
    ]
  ],
  "fc1.bias": [
    0.0001248917542397976,
    6.110476533649489e-05,
    0.0002998712006956339,
    0.00010215051588602364,
    5.616235739580588e-06,
    0.1091471016407013,
    -0.074290432035923,
    0.0002888620656449348,
    -2.8781669243471697e-05,
    0.39770734310150146,
    0.00021865205781068653,
    1.1680612564086914,
    -9.913930989569053e-05,
    6.0889506130479276e-05,
    0.0001268377382075414,
    -1.211776543641463e-05
  ],
  "fc2.weight": [
    [
      -4.727015402750112e-05,
      -5.1188671932322904e-05,
      -0.00012640937347896397,
      -0.00013047328684478998,
      5.702512135030702e-05,
      0.0021801970433443785,
      0.0002407739229965955,
      6.583626964129508e-05,
      -0.000218255037907511,
      -0.00012720879749394953,
      -9.305569983553141e-05,
      -2.6436959160491824e-05,
      2.2963547962717712e-05,
      5.8636960602598265e-05,
      2.763797965599224e-05,
      -4.4353022531140596e-05
    ],
    [
      -7.965890836203471e-05,
      1.4079839274927508e-05,
      6.257150380406529e-05,
      5.8415127568878233e-05,
      5.576708645094186e-05,
      0.36208128929138184,
      0.00041082699317485094,
      -0.00011220524902455509,
      -0.1402623951435089,
      -0.0003058526199311018,
      0.00011306509259156883,
      -0.0006903366302140057,
      0.00016916700406000018,
      -4.2391748138470575e-05,
      -4.270694626029581e-05,
      -0.00010204564750893041
    ],
    [
      -3.72032773157116e-05,
      4.476865797187202e-05,
      -4.106119740754366e-05,
      4.664325751946308e-05,
      -6.0980448324698955e-05,
      1.790585884009488e-06,
      3.837148688035086e-05,
      -0.00013443417265079916,
      5.50285039935261e-06,
      -7.243903837661492e-06,
      5.266493826638907e-05,
      7.735581675660796e-06,
      -3.744757123058662e-05,
      0.00016123215027619153,
      4.672781869885512e-05,
      -1.595529101905413e-05
    ],
    [
      0.00013429397949948907,
      7.02708784956485e-05,
      1.1844043910969049e-05,
      0.0001816962903831154,
      -4.420237382873893e-05,
      -1.6637297449051403e-05,
      -6.496407149825245e-05,
      5.530648923013359e-05,
      -1.1070078471675515e-05,
      -6.888217467349023e-05,
      0.00012481508019845933,
      -0.0002134933165507391,
      -7.76221786509268e-05,
      -4.844536306336522e-06,
      -2.1481260773725808e-05,
      7.611549517605454e-05
    ],
    [
      0.0001494258176535368,
      3.7261805118760094e-05,
      -0.00021114214905537665,
      -0.00010722269507823512,
      0.00012668714043684304,
      -1.8974624254042283e-05,
      0.0004031687567476183,
      9.42014594329521e-06,
      -8.093593351077288e-06,
      0.000308238115394488,
      0.00021471755462698638,
      1.3237273378763348e-05,
      0.00017194688552990556,
      3.7321777199395e-05,
      -7.085379911586642e-05,
      8.475861977785826e-05
    ],
    [
      -5.262475315248594e-05,
      -4.8303436415153556e-06,
      -8.621254528407007e-05,
      6.900273001519963e-05,
      -2.5562312657712027e-05,
      0.29807427525520325,
      0.03303646668791771,
      -4.9386959290131927e-05,
      -0.3322649300098419,
      -0.0003180264902766794,
      -7.65715230954811e-05,
      -0.007532235234975815,
      3.997280145995319e-05,
      7.81934941187501e-05,
      -4.786815043189563e-05,
      -0.00015639184857718647
    ],
    [
      3.0558763683075085e-05,
      1.544636324979365e-05,
      -0.0001779496087692678,
      -8.174790855264291e-05,
      2.6516152502154e-05,
      -0.3071635663509369,
      -0.00032147884485311806,
      -5.3941665100865066e-05,
      0.25066688656806946,
      0.0002716928720474243,
      0.00017719849711284041,
      0.00037318660179153085,
      0.00011478829401312396,
      8.18627595435828e-05,
      -4.524645919445902e-05,
      7.353204273385927e-05
    ],
    [
      -1.7379599739797413e-05,
      -1.0492061846889555e-05,
      0.000170222032465972,
      0.00012459064600989223,
      8.724304643692449e-05,
      -2.4915148969739676e-05,
      7.576403731945902e-05,
      -7.269779598573223e-05,
      0.00027434909134171903,
      0.00013717096589971334,
      -5.917589442105964e-05,
      0.00029630580684170127,
      -8.404269465245306e-05,
      -3.027445200132206e-05,
      -0.00010058955376734957,
      -5.694153514923528e-05
    ],
    [
      -0.00012830173363909125,
      -1.2847925972891971e-05,
      -7.22648692317307e-05,
      0.00019610553863458335,
      6.91198802087456e-05,
      0.0016236198134720325,
      0.00028864009073004127,
      0.00018811043992172927,
      -0.0004088253481313586,
      -0.2992575764656067,
      9.213194425683469e-05,
      -0.516532301902771,
      -4.5307009713724256e-05,
      -0.00023599150881636888,
      0.00012528391380328685,
      -0.000238408989389427
    ],
    [
      -4.448571053217165e-05,
      2.509144542273134e-05,
      9.606486128177494e-05,
      9.742636393639259e-06,
      4.298694693716243e-05,
      0.11829797178506851,
      0.00029112209449522197,
      -4.1361054172739387e-05,
      -0.023019423708319664,
      -0.00021545402705669403,
      0.00021863135043531656,
      -0.23302675783634186,
      0.0001496914919698611,
      4.4131113099865615e-05,
      -0.00030140267335809767,
      3.4212134778499603e-06
    ],
    [
      -1.566674472996965e-05,
      -6.097552613937296e-06,
      0.00015898232231847942,
      -0.0001592205953784287,
      2.1304529582266696e-05,
      0.040090885013341904,
      0.2574254274368286,
      -8.438408258371055e-06,
      -0.003894116496667266,
      -0.05054016038775444,
      2.5202985852956772e-05,
      -0.3141609728336334,
      -0.00011896208161488175,
      0.00013842538464814425,
      -3.944951458834112e-05,
      -0.00012013836385449395
    ],
    [
      4.5487853640224785e-05,
      6.659283098997548e-05,
      -0.000248871510848403,
      9.093189146369696e-05,
      -1.0652567652869038e-05,
      2.684002902242355e-05,
      -1.9875547877745703e-05,
      7.039529009489343e-05,
      3.923123949789442e-05,
      -2.2938667825656012e-05,
      -0.00013203895650804043,
      2.8696871595457196e-05,
      8.019414963200688e-07,
      -1.161931868409738e-05,
      -0.00015570370305795223,
      9.38415905693546e-06
    ],
    [
      -4.677164542954415e-05,
      4.3346546590328217e-05,
      0.00020118574320804328,
      -6.111735274316743e-05,
      6.933098484296352e-05,
      -0.00011512752098497003,
      8.127608452923596e-06,
      0.0001379100576741621,
      -2.068452158709988e-05,
      -0.0001466882968088612,
      -0.00012813527428079396,
      1.0488307452760637e-05,
      4.906507092528045e-05,
      6.265376578085124e-05,
      5.397059430833906e-05,
      -4.562507456284948e-05
    ],
    [
      -2.1256200852803886e-05,
      -3.7039490052848123e-06,
      8.251769031630829e-05,
      -0.00016388225776609033,
      2.713944559218362e-05,
      0.0853542685508728,
      0.08961839228868484,
      -0.0001909195852931589,
      -0.08127596229314804,
      -0.0002796703774947673,
      -0.00013981322990730405,
      -0.00046568678226321936,
      2.6060872187372297e-05,
      0.00015446874022018164,
      0.00012921993038617074,
      -6.140107871033251e-05
    ],
    [
      0.0001724675967125222,
