{
  "fc1.weight": [
    [
      0.3499803841114044
    ],
    [
      -0.00020877912174910307
    ],
    [
      -2.150467480532825e-06
    ],
    [
      4.9480229790788144e-05
    ],
    [
      -9.698943358671386e-06
    ],
    [
      -4.721769073512405e-05
    ],
    [
      -0.0001213688010466285
    ],
    [
      -1.8085891497321427e-05
    ],
    [
      0.6789264678955078
    ],
    [
      -0.5072652101516724
    ],
    [
      -2.609149305499159e-06
    ],
    [
      7.885988452471793e-06
    ],
    [
      0.0002780636423267424
    ],
    [
      -0.5061957836151123
    ],
    [
      0.00024073212989605963
    ],
    [
      -3.929078229703009e-05
    ]
  ],
  "fc1.bias": [
    -0.2275533229112625,
    3.605194069677964e-05,
    -4.9205242248717695e-05,
    4.374238051241264e-05,
    2.444019992253743e-05,
    0.00038612904609180987,
    -0.0001460163330193609,
    -0.00012456675176508725,
    -1.102425456047058,
    -0.00017242958710994571,
    0.00011514624929986894,
    6.134698924142867e-05,
    8.128320041578263e-05,
    -0.01440606638789177,
    0.00010026511154137552,
    -1.2928212527185678e-06
  ],
  "fc2.weight": [
    [
      0.00039208668749779463,
      2.3079377569956705e-05,
      -0.00021141220349818468,
      0.00024816941004246473,
      -5.98094702581875e-05,
      7.392106635961682e-05,
      7.544126128777862e-05,
      0.00021252149599604309,
      0.07261262834072113,
      -0.3026810884475708,
      0.0002313347504241392,
      0.0002153219102183357,
      2.1252148144412786e-05,
      -0.34131112694740295,
      4.112299939151853e-05,
      2.2545467800227925e-05
    ],
    [
      -0.036283016204833984,
      0.00019422973855398595,
      -0.00030687483376823366,
      0.00015159680333454162,
      7.75374355725944e-05,
      -6.32677401881665e-05,
      -9.811938070924953e-05,
      0.00010844547796295956,
      -0.00021971628302708268,
      0.3111404478549957,
      -0.0004469736886676401,
      0.00012978259474039078,
      -0.00016865154611878097,
      0.13377481698989868,
      -1.1651369277387857e-05,
      0.0002626194909680635
    ],
    [
      -2.2517560864798725e-05,
      -8.208584040403366e-05,
      -1.5981393516995013e-05,
      0.00011472195910755545,
      0.00011057164374506101,
      -3.752028715098277e-05,
      0.0002692563575692475,
      -5.1571434596553445e-05,
      -5.8292411267757416e-05,
      -1.1609859939198941e-05,
      -0.0002643940388225019,
      0.00014107550668995827,
      -1.3368691725190729e-05,
      0.00012185069499537349,
      3.3998665458057076e-05,
      -1.1514031939441338e-05
    ],
    [
      -0.09131821990013123,
      0.000178277725353837,
      1.1403855751268566e-05,
      0.000371121393982321,
      0.00010061527427751571,
      -7.124840340111405e-05,
      0.00011104664008598775,
      -0.0001444054942112416,
      -0.00022299584816209972,
      0.08153320103883743,
      -8.088042523013428e-05,
      -1.2817348761018366e-05,
      -6.206735997693613e-05,
      0.19880357384681702,
      -0.00012439880811143667,
      0.00019383878679946065
    ],
    [
      2.560736902523786e-06,
      -0.00018769378948491067,
      2.8296974051045254e-05,
      -0.00020645419135689735,
      -7.04866397427395e-05,
      -0.00034285258152522147,
      -0.0002490659535396844,
      -0.00013967399718239903,
      3.252391252317466e-05,
      8.282545604743063e-05,
      0.00013306294567883015,
      7.119149813661352e-05,
      0.00012637622421607375,
      -7.3488503403496e-05,
      5.909744868404232e-05,
      -0.0001310149673372507
    ],
    [
      -0.0002661335456650704,
      -0.0002260735782328993,
      -7.2079012170434e-05,
      0.00011044971324736252,
      -5.559298733714968e-05,
      1.244517625309527e-05,
      -8.558421541238204e-05,
      9.985911310650408e-05,
      -0.00021173301502130926,
      0.1998690366744995,
      0.00012417262769304216,
      -0.00016210782632697374,
      -0.00015039923891890794,
      0.31557926535606384,
      7.76141750975512e-05,
      -0.0002732588036451489
    ],
    [
      -0.0001500335638411343,
      -2.4494820536347106e-05,
      -5.721854176954366e-05,
      4.387555236462504e-06,
      0.00028936017770320177,
      -5.457216320792213e-05,
      3.132632264168933e-05,
      3.7228066503303126e-05,
      9.666501864558086e-05,
      -0.00021337030921131372,
      3.888689388986677e-05,
      -5.2132963901385665e-05,
      -5.405985575634986e-06,
      -7.971165177877992e-05,
      8.628075738670304e-05,
      3.48595785908401e-05
    ],
    [
      -0.2129451036453247,
      4.949469439452514e-05,
      -7.524100510636345e-05,
      9.549497917760164e-06,
      0.00014044810086488724,
      -2.173127722926438e-05,
      0.00041994493221864104,
      0.00041010777931660414,
      -1.1380276679992676,
      0.00010466898675076663,
      -3.856201146845706e-06,
      0.0002265873336000368,
      0.0001282494340557605,
      0.00010191991168539971,
      -4.9737114750314504e-05,
      7.751071825623512e-05
    ],
    [
      -0.00022875783906783909,
      0.00034308698377572,
      -6.402355211321265e-05,
      -8.12682046671398e-05,
      -8.556657849112526e-05,
      2.5466624720138498e-05,
      -5.864333070348948e-05,
      7.881317287683487e-08,
      -5.7830693549476564e-05,
      -0.00013523388770408928,
      4.234918742440641e-05,
      0.00023289278033189476,
      -8.615259866928682e-05,
      0.0001388936652801931,
      8.684766362421215e-05,
      -0.00013926936662755907
    ],
    [
      3.070315142394975e-05,
      3.0765986593905836e-05,
      -0.00014799440396018326,
      -0.00012438844714779407,
      0.0001174192875623703,
      8.337908366229385e-05,
      2.556946492404677e-05,
      -8.695462020114064e-05,
      -0.0001751533563947305,
      0.00012646496179513633,
      -7.128123252186924e-05,
      5.823540050187148e-05,
      -0.0001346454955637455,
      -7.21934120520018e-05,
      -8.727017848286778e-05,
      -8.609444921603426e-05
    ],
    [
      -0.00021076442499179393,
      0.00018767105939332396,
      0.00011393801105441526,
      8.584927127230912e-05,
      -0.00011880777310580015,
      -3.784231375902891e-05,
      -0.0001235844538314268,
      -2.577042323537171e-05,
      7.745629409328103e-05,
      -0.0003370842314325273,
      -7.105355325620621e-05,
      4.0122162317857146e-05,
      -1.8920218280982226e-05,
      0.00015697174239903688,
      0.0001156491634901613,
      -1.1577983968891203e-05
    ],
    [
      2.1178449969738722e-05,
      -5.714256258215755e-05,
      -0.00011489930329844356,
      -2.0713865524157882e-05,
      0.00012975215213373303,
      -5.5338747188216075e-05,
      -0.00016427115770056844,
      -0.00011827467824332416,
      0.00010622527042869478,
      1.7876271158456802e-05,
      0.00013601125101558864,
      -0.00011966610327363014,
      9.413797670276836e-05,
      -0.0002669334353413433,
      6.704719999106601e-05,
      -0.00017138131079263985
    ],
    [
      -6.145953375380486e-05,
      0.00018878038099501282,
      8.701201295480132e-05,
      -0.0001471421855967492,
      1.3071505236439407e-05,
      -6.889427459100261e-05,
      -0.00014981642016209662,
      8.21582943899557e-05,
      -5.7658180594444275e-05,
      0.00015730310406070203,
      -9.966266952687874e-05,
      5.788842827314511e-07,
      -0.00010964577086269855,
      -4.931465446134098e-05,
      -5.465240610647015e-05,
      -0.00031990272691473365
    ],
    [
      0.0003186077519785613,
      1.5364770661108196e-05,
      0.0001095673069357872,
      -0.00017142860451713204,
      6.625558307860047e-05,
      -0.0001034905799315311,
      3.261903839302249e-05,
      -0.00018132429977413267,
      0.00026703518233262,
      -0.3549869656562805,
      0.00014927706797607243,
      -5.718461761716753e-05,
      -0.00037524683284573257,
      -0.2761268615722656,
      -6.195784953888506e-05,
      3.543749335221946e-05
    ],
    [
