{
  "fc1.weight": [
    [
      -0.5292303562164307
    ],
    [
      0.00022891401022206992
    ],
    [
      -0.2682599723339081
    ],
    [
      -4.543454269878566e-05
    ],
    [
      0.4211612641811371
    ],
    [
      0.002454883186146617
    ],
    [
      2.4419410692644306e-05
    ],
    [
      -0.7055314779281616
    ],
    [
      -0.5105375051498413
    ],
    [
      0.00010574838961474597
    ],
    [
      -0.4600822627544403
    ],
    [
      -3.355020817252807e-05
    ],
    [
      0.6588493585586548
    ],
    [
      0.39374563097953796
    ],
    [
      0.9029531478881836
    ],
    [
      0.8541525602340698
    ]
  ],
  "fc1.bias": [
    0.19009695947170258,
    1.2090255040675402e-05,
    -0.13963812589645386,
    0.0001850515982368961,
    -0.11013380438089371,
    0.4073704183101654,
    1.627866004128009e-05,
    0.9689117670059204,
    0.07953701913356781,
    0.00017447982099838555,
    -0.10809853672981262,
    0.00016315920220222324,
    0.48315057158470154,
    -0.0009735989151522517,
    -1.2295191287994385,
    0.717888355255127
  ],
  "fc2.weight": [
    [
      0.0001668251061346382,
      -6.174129521241412e-05,
      -5.774496457888745e-06,
      1.9286060705780983e-05,
      -0.00012501110904850066,
      6.644538370892406e-05,
      0.00011822990200016648,
      8.71335287229158e-05,
      0.00020263086480554193,
      6.0375637985998765e-05,
      0.0001796894648578018,
      -2.4598120944574475e-05,
      -9.23796251299791e-05,
      -2.2756321413908154e-05,
      0.05528384447097778,
      -3.2626412576064467e-06
    ],
    [
      1.7416932678315789e-06,
      6.263205432333052e-05,
      -1.2874996173195541e-05,
      -5.019428499508649e-05,
      4.052570147905499e-05,
      -2.5597841158742085e-05,
      2.3824701202102005e-05,
      9.954374945664313e-06,
      5.772704753326252e-06,
      6.892259989399463e-05,
      2.779650458251126e-06,
      0.0001243771257577464,
      1.8377941159997135e-05,
      -1.2903278729936574e-05,
      1.5610403352184221e-06,
      -4.52592712463229e-06
    ],
    [
      -0.10566768795251846,
      -2.8538608603412285e-05,
      0.00042852782644331455,
      -8.641818567411974e-05,
      0.0004383595078252256,
      -0.0009230189607478678,
      -2.054283322650008e-05,
      -0.0009007633198052645,
      -0.17420636117458344,
      2.688925451366231e-05,
      -0.0002200039743911475,
      1.846883969847113e-05,
      0.03180116415023804,
      0.023768113926053047,
      0.01646582782268524,
      0.162521094083786
    ],
    [
      0.0007322104647755623,
      -0.00020710998796857893,
      0.11925669014453888,
      0.0001247354957740754,
      -0.052504364401102066,
      -0.008498135954141617,
      -4.024421650683507e-05,
      0.0009370521875098348,
      0.05404844507575035,
      -0.00016434593999292701,
      0.000589441042393446,
      0.00019701554265338928,
      -0.27165353298187256,
      -0.0005333117442205548,
      -0.0010415434371680021,
      -0.20733410120010376
    ],
    [
      0.0010383306071162224,
      -2.5877670850604773e-05,
      -0.0001667948963586241,
      5.776142643298954e-06,
      -0.0006951555260457098,
      0.0007920988136902452,
      -3.883727913489565e-06,
      0.022969285026192665,
      0.08984892815351486,
      -0.00023744211648590863,
      0.2705657184123993,
      2.4310673325089738e-05,
      -0.12073653936386108,
      -0.0005895672366023064,
      -0.0012387369060888886,
      -0.10727711766958237
    ],
    [
      0.16002869606018066,
      0.00021621654741466045,
      0.00040433177491649985,
      0.00033534987596794963,
      -0.22384662926197052,
      0.00036632930277846754,
      -2.2389594960259274e-06,
      0.025307774543762207,
      0.1714422106742859,
      -0.0002683528873603791,
      0.1108916848897934,
      0.00011905119026778266,
      -0.12666037678718567,
      -0.2137109339237213,
      -0.43143659830093384,
      -0.01817435212433338
    ],
    [
      -0.214946910738945,
      6.989327812334523e-05,
      -6.26272230874747e-05,
      -5.3637373639503494e-05,
      0.09059225767850876,
      -0.0004412266716826707,
      -3.05599496641662e-05,
      -0.0013468075776472688,
      -0.21779178082942963,
      -4.846566298510879e-06,
      -0.13062813878059387,
      0.0002047406160272658,
      0.015828026458621025,
      0.07310792058706284,
      0.33236443996429443,
      0.05515124276280403
    ],
    [
      -0.0009067978244274855,
      0.0001485975953983143,
      -0.09599341452121735,
      -0.00012050521036144346,
      0.053783152252435684,
      -0.0006061689928174019,
      2.695382499950938e-05,
      -0.0008017121581360698,
      -0.0009257292840629816,
      -1.436891034245491e-05,
      -0.000984758953563869,
      6.155121081974357e-05,
      0.34407320618629456,
      0.10275346785783768,
      0.20667855441570282,
      0.16992230713367462
    ],
    [
      -2.095513991662301e-05,
      7.364918019447941e-06,
      -3.241219383198768e-05,
      -9.066519851330668e-05,
      -0.00016619701636955142,
      -1.4486635336652398e-05,
      0.00016510780551470816,
      0.00024636200396344066,
      0.00013550918083637953,
      7.424641808029264e-06,
      -0.00021161670156288892,
      1.3694792869500816e-05,
      1.9219056412111968e-05,
      -7.468343392247334e-05,
      -0.00010004155046772212,
      -8.079649705905467e-05
    ],
    [
      0.003922565840184689,
      -0.00016357025015167892,
      0.0040755667723715305,
      -0.00026882492238655686,
      -0.0037542078644037247,
      -0.1695242077112198,
      -3.182231375831179e-05,
      -1.0409526824951172,
      0.004315443802624941,
      -0.0001991587778320536,
      0.00470644561573863,
      8.433448238065466e-05,
      -0.011753079481422901,
      -0.003999609965831041,
      1.5375827550888062,
      -0.03276320546865463
    ],
    [
      -8.55119196785381e-06,
      7.068682316457853e-05,
      -6.134220711828675e-06,
      -0.00013130158185958862,
      1.0322301022824831e-05,
      -1.0865199328691233e-05,
      0.00013897684402763844,
      1.0628946256474592e-06,
      -8.524475560989231e-06,
      0.0001251658977707848,
      1.761639396136161e-05,
      1.612341293366626e-05,
      3.3390904718544334e-05,
      -6.603488145628944e-06,
      -3.4659551602089778e-06,
      1.1897331205545925e-05
    ],
    [
      -0.3758205473423004,
      3.544052015058696e-05,
      -0.06522165238857269,
      2.3247008357429877e-05,
      0.2898310124874115,
      -0.0002786198747344315,
      6.97969226166606e-05,
      -0.40919360518455505,
      -0.292521595954895,
      2.1156407456146553e-05,
      -0.05416823923587799,
      0.00017455943452659994,
      0.14736253023147583,
      0.04826829582452774,
      0.24841275811195374,
      0.0118830231949687
    ],
    [
      7.040699711069465e-05,
      -6.84042606735602e-06,
      0.00017353345174342394,
      -0.00015549403906334192,
      -0.0001643229479668662,
      2.6422807422932237e-05,
      -4.2868654418271035e-05,
      0.00012363720452412963,
      -0.00019806489581242204,
      2.734316876740195e-05,
      9.208475239574909e-05,
      9.130642138188705e-05,
      3.393449878785759e-05,
      3.470016235951334e-05,
      0.00014216027921065688,
      -0.000229882265557535
    ],
    [
      -0.0005607473431155086,
      -0.00013734101958107203,
      0.0002632040705066174,
      -0.00020557662355713546,
      0.00044172731577418745,
      -0.0007449322729371488,
      1.2076819984940812e-05,
      -0.0011962705757468939,
      -0.0005567278130911291,
      -2.8516318707261235e-05,
      -0.1146506816148758,
      -0.00023326762311626226,
      0.2711118161678314,
      0.09190826863050461,
      0.1903638392686844,
      0.13229037821292877
    ],
    [
      0.028736509382724762,
      5.73503493797034e-05,
      0.19717931747436523,
      4.533437095233239e-05,
      -0.0009700578521005809,
      -0.16243235766887665,
