{
  "feature_names_out": [
    "k",
    "t",
    "k^2",
    "k t",
    "t^2",
    "k^3",
    "k^2 t",
    "k t^2",
    "t^3",
    "k^4",
    "k^3 t",
    "k^2 t^2",
    "k t^3",
    "t^4",
    "k^5",
    "k^4 t",
    "k^3 t^2",
    "k^2 t^3",
    "k t^4",
    "t^5"
  ],
  "coefficients": [
    -0.5698816180229187,
    -0.6410454511642456,
    0.1855108141899109,
    0.19549347460269928,
    0.23558039963245392,
    -0.1026410460472107,
    0.0878172218799591,
    0.09458428621292114,
    -0.14587508141994476,
    0.04938727244734764,
    -0.10676240921020508,
    -0.05911362171173096,
    -0.15123412013053894,
    0.07509849220514297,
    -0.023973405361175537,
    0.05818523094058037,
    -0.008006125688552856,
    -0.01303083449602127,
    0.08379735052585602,
    -0.03877066820859909
  ],
  "intercept": -1.810792724654675e-07
}