{
  "fc1.weight": [
    [
      4.994540358893573e-05
    ],
    [
      -8.212969987653196e-05
    ],
    [
      -0.4028875231742859
    ],
    [
      -6.551769911311567e-05
    ],
    [
      9.470801887800917e-05
    ],
    [
      -4.254031227901578e-05
    ],
    [
      -0.00010163277329411358
    ],
    [
      9.989819955080748e-05
    ],
    [
      0.33108165860176086
    ],
    [
      6.134817522251979e-05
    ],
    [
      -0.5275877118110657
    ],
    [
      -0.23048928380012512
    ],
    [
      -0.32125160098075867
    ],
    [
      -0.4504762887954712
    ],
    [
      -0.00040232320316135883
    ],
    [
      0.44620588421821594
    ]
  ],
  "fc1.bias": [
    7.072430162224919e-05,
    -0.00011662951146718115,
    0.5208950638771057,
    -2.6689987862482667e-05,
    -0.00021105415362399071,
    0.00010589950397843495,
    8.175086259143427e-05,
    0.00020246906206011772,
    -0.44690385460853577,
    0.00012234997120685875,
    -0.8157563209533691,
    -0.16798855364322662,
    -0.0002484307042323053,
    0.6715723872184753,
    3.65708110621199e-05,
    0.6237836480140686
  ],
  "fc2.weight": [
    [
      9.666125697549433e-05,
      -7.919948257040232e-05,
      0.00013519117783289403,
      0.00014277137233875692,
      -9.767830488272011e-05,
      6.299689994193614e-05,
      2.1955938791506924e-05,
      -0.00012032010999973863,
      -0.00015387593884952366,
      1.2046155461575836e-05,
      6.303471309365705e-05,
      2.229103301942814e-05,
      4.555928171612322e-05,
      -0.0001594720670254901,
      5.5984113714657724e-05,
      -7.588630978716537e-05
    ],
    [
      4.372964394860901e-05,
      4.353740223450586e-05,
      8.820727816782892e-05,
      -0.0001256895047845319,
      -4.564860137179494e-05,
      0.00022003451886121184,
      0.00025433977134525776,
      0.00021752004977315664,
      0.000109509848698508,
      -0.00011388085840735584,
      0.00039662577910348773,
      7.440189074259251e-05,
      8.153209637384862e-05,
      0.00016633086488582194,
      -0.00013409739767666906,
      -0.00012954453995916992
    ],
    [
      6.415772077161819e-05,
      -0.000152343200170435,
      4.463191726244986e-05,
      -1.334348417003639e-05,
      1.3680335541721433e-05,
      5.7448392908554524e-05,
      -0.00011250928218942136,
      5.3613606723956764e-05,
      -0.000135436377604492,
      -0.00011922929115826264,
      -9.336738003185019e-05,
      -0.000215069274418056,
      -9.582726488588378e-05,
      -0.0002103566803270951,
      -1.8779355741571635e-05,
      -9.076107380678877e-05
    ],
    [
      0.00012219182099215686,
      1.758554753905628e-05,
      -0.00018179990001954138,
      3.8043541280785576e-05,
      -6.255933112697676e-05,
      6.212465814314783e-05,
      -0.00017383074737153947,
      -0.00027757330099120736,
      -3.184477100148797e-05,
      -9.841239807428792e-05,
      -0.00017500718240626156,
      -1.9644066924229264e-05,
      -3.844969251076691e-05,
      9.068717190530151e-06,
      -0.00016547704581171274,
      6.607888644794002e-05
    ],
    [
      0.00011871958849951625,
      -1.7152611690107733e-05,
      0.3852871060371399,
      8.083556895144284e-05,
      1.6444188077002764e-05,
      0.00013632033369503915,
      0.00010249640035908669,
      -2.8683323762379587e-05,
      -0.44546979665756226,
      8.6897038272582e-05,
      0.00032306875800713897,
      0.00035008136183023453,
      0.00036948907654732466,
      0.5094782114028931,
      0.00010221920820185915,
      -0.0003276982461102307
    ],
    [
      1.088781573344022e-06,
      4.8058955144369975e-05,
      7.919330528238788e-05,
      5.600180884357542e-05,
      -0.00013237744860816747,
      1.737775164656341e-06,
      -6.694806506857276e-05,
      9.076180140255019e-05,
      -9.700706868898124e-06,
      -6.0328202380333096e-05,
      0.2525111138820648,
      0.0003166387905366719,
      0.00034510367549955845,
      5.51641896890942e-05,
      2.1031140931881964e-05,
      -0.23603469133377075
    ],
    [
      6.599271728191525e-05,
      0.00011769963020924479,
      -7.819420716259629e-05,
      0.00020270310051273555,
      0.0002102686557918787,
      -0.0001607994199730456,
      -1.583256380399689e-05,
      -9.357880480820313e-05,
      4.716019975603558e-05,
      -0.00010693482181522995,
      0.000146448117448017,
      5.8923003962263465e-05,
      -0.0002663970517460257,
      -0.0001199888065457344,
      1.649175101192668e-05,
      -0.00015157376765273511
    ],
    [
      0.00013693174696527421,
      0.0001617748785065487,
      7.180195825640112e-05,
      1.5536774299107492e-05,
      1.8914906831923872e-05,
      1.7211023077834398e-05,
      0.00016480800695717335,
      -5.5438918934669346e-05,
      3.978899621870369e-05,
      -0.00012659854837693274,
      5.9760786825791e-06,
      0.00014461064711213112,
      -0.00021900690626353025,
      2.6585417799651623e-05,
      4.925593384541571e-05,
      -0.00018143371562473476
    ],
    [
      -8.337165490956977e-05,
      -2.9872586310375482e-05,
      -0.00020598075934685767,
      -3.226361150154844e-05,
      0.00014131156785879284,
      -1.2245120160514489e-05,
      -7.897856994532049e-05,
      5.7087279856204987e-05,
      0.11129853874444962,
      6.333287456072867e-05,
      -0.33327755331993103,
      -0.00047130376333370805,
      -0.10287968814373016,
      -0.000242386304307729,
      0.0001522946113254875,
      0.14735160768032074
    ],
    [
      -6.22975712758489e-05,
      -3.143146022921428e-05,
      0.15692920982837677,
      -0.00031892862170934677,
      3.622407530201599e-05,
      3.499092781567015e-05,
      6.65755505906418e-05,
      -0.0002078182005789131,
      -2.243461858597584e-05,
      -8.149020868586376e-05,
      0.0036970311775803566,
      0.0004109818546567112,
      0.05397386476397514,
      0.21873417496681213,
      -8.748357504373416e-05,
      -0.0005167226772755384
    ],
    [
      0.00023193139350041747,
      4.747488128487021e-05,
      0.2855962812900543,
      3.337021917104721e-05,
      -5.940243136137724e-05,
      0.00012525611964520067,
      0.00010967183334287256,
      0.00015671405708417296,
      -0.010637739673256874,
      -0.0002674557617865503,
      0.0589597187936306,
      0.21693797409534454,
      0.1798337996006012,
      0.03498447686433792,
      -8.46579932840541e-05,
      -0.04837606102228165
    ],
    [
      0.00015284148685168475,
      2.338456397410482e-06,
      0.11320499330759048,
      -3.790329355979338e-05,
      0.00016085774404928088,
      0.0001354519627057016,
      -1.9897408492397517e-05,
      0.00023869464348535985,
      -4.992482718080282e-05,
      -0.0002745173987932503,
      0.2056329846382141,
      0.00036704837111756206,
      0.06764969974756241,
      0.02296369895339012,
      6.622586806770414e-05,
      -0.0005021452088840306
    ],
    [
      8.622027962701395e-05,
      -0.0002861683606170118,
      -0.0987994447350502,
      0.00010932741861324757,
      -0.00010071498400066048,
      0.00013651307381223887,
      0.0002562918234616518,
      -0.00034381658770143986,
      0.0001457988255424425,
      1.4447563444264233e-05,
      -0.012569629587233067,
      -0.0005070355837233365,
      -0.18145115673542023,
      -0.2709738314151764,
      0.0002094718802254647,
      0.15689481794834137
    ],
    [
      1.7231457604793832e-05,
      4.350804374553263e-05,
      3.229819776606746e-05,
      4.5484775910153985e-05,
      -6.693752948194742e-05,
      -0.00013892404967918992,
      0.00010639715037541464,
      -3.549358734744601e-05,
      -9.134072024608031e-05,
      -9.44501007325016e-05,
      -0.00019016177975572646,
      -0.00010085430403705686,
      5.481956759467721e-05,
      -0.0004198670794721693,
      -7.641919364687055e-05,
      8.637089922558516e-05
    ],
    [
      0.0002612608077470213,
      -0.0002987842890433967,
