{
  "fc1.weight": [
    [
      0.000187479323358275
    ],
    [
      -7.580949022667482e-05
    ],
    [
      0.3350026309490204
    ],
    [
      9.977733134292066e-05
    ],
    [
      5.9192323533352464e-05
    ],
    [
      0.2740021347999573
    ],
    [
      -0.5199500918388367
    ],
    [
      0.0001715980761218816
    ],
    [
      0.00027980870800092816
    ],
    [
      8.422963219345547e-06
    ],
    [
      0.00010660014231689274
    ],
    [
      -0.24381107091903687
    ],
    [
      -0.00016190254245884717
    ],
    [
      -0.5722298622131348
    ],
    [
      0.00012886675540357828
    ],
    [
      -0.00021251749421935529
    ]
  ],
  "fc1.bias": [
    0.00039013547939248383,
    -0.0002513173967599869,
    -0.00011488572636153549,
    -4.842560883844271e-05,
    -1.2064847396686673e-05,
    -0.00012658747436944395,
    0.8082238435745239,
    -2.1528725483221933e-05,
    -0.00011734369036275893,
    0.000156862020958215,
    0.00028752998332493007,
    0.00012654518650379032,
    0.00011166643525939435,
    -0.9819820523262024,
    -0.0001722228480502963,
    -8.046539005590603e-05
  ],
  "fc2.weight": [
    [
      -0.00017588633636478335,
      -7.581552199553698e-05,
      -0.12864446640014648,
      7.998658111318946e-05,
      -6.329656025627628e-05,
      -0.16289693117141724,
      0.18458206951618195,
      0.00011265747161814943,
      5.441844041342847e-05,
      -3.833949449472129e-06,
      1.2103568224119954e-05,
      0.18743406236171722,
      -0.00011988799087703228,
      0.2536386549472809,
      -3.7470690585905686e-05,
      0.00019924636580981314
    ],
    [
      -0.0001459799677832052,
      0.00014356974861584604,
      -0.11587238311767578,
      0.00024237195611931384,
      -6.215153553057462e-05,
      -0.06695772707462311,
      0.024485023692250252,
      6.606786337215453e-05,
      1.3235563528724015e-05,
      7.51369952922687e-08,
      0.00011835935583803803,
      0.00046271298197098076,
      -0.0002067629829980433,
      0.35056743025779724,
      0.00011400908988434821,
      -2.598926585051231e-05
    ],
    [
      5.0418530008755624e-05,
      -0.00018405661103315651,
      0.10728363692760468,
      4.753213215735741e-05,
      -1.4284953067544848e-05,
      0.017417948693037033,
      -0.041613657027482986,
      0.00010719269630499184,
      -4.310258009354584e-05,
      4.457149043446407e-05,
      6.685447442578152e-05,
      -0.027468474581837654,
      -8.770485874265432e-05,
      -0.2498772144317627,
      -0.0004204168217256665,
      -3.346528683323413e-05
    ],
    [
      9.345574653707445e-05,
      -0.0001103343820432201,
      0.04846405237913132,
      6.90953602315858e-05,
      0.0001773353578755632,
      0.00036002625711262226,
      -0.35762009024620056,
      8.147818880388513e-05,
      -1.280326978303492e-05,
      -0.00018474904936738312,
      -0.0002723374345805496,
      -0.0002873715420719236,
      -3.344845026731491e-05,
      -0.26851168274879456,
      8.670886018080637e-05,
      -0.00017926396685652435
    ],
    [
      0.00015648342377971858,
      0.00017352221766486764,
      -9.74448848864995e-05,
      5.112320650368929e-05,
      -0.00017985400336328894,
      -1.316289126407355e-05,
      8.32082296255976e-05,
      -0.00015854166122153401,
      -3.013033710885793e-05,
      5.679722016793676e-05,
      0.00016045045049395412,
      9.97671959339641e-05,
      2.196372952312231e-05,
      0.0003248870780225843,
      4.1649051127023995e-05,
      0.0001156325452029705
    ],
    [
      0.00017071067122742534,
      -0.00023235040134750307,
      -3.577474853955209e-05,
      8.143225568346679e-05,
      -1.3307217159308493e-06,
      0.00013880550977773964,
      1.753673132043332e-05,
      4.6995563025120646e-05,
      8.711787086213008e-05,
      3.1161125662038103e-06,
      0.00011518545943545178,
      -6.948458758415654e-05,
      1.5148427337408066e-05,
      8.348412666236982e-05,
      5.815775512019172e-05,
      3.9862778066890314e-05
    ],
    [
      -0.00014999392442405224,
      -5.74936275370419e-05,
      1.5234123566187918e-05,
      3.852836380247027e-05,
      -6.282832327997312e-05,
      4.785216151503846e-05,
      -7.208959868876263e-05,
      -0.00018219406774733216,
      3.693048347486183e-05,
      -0.00010432845738250762,
      -3.220919461455196e-05,
      -9.086967475013807e-05,
      -0.00018305897538084537,
      -0.00027756334748119116,
      -4.198682290734723e-05,
      -2.6400935894344002e-05
    ],
    [
      0.00010074974852614105,
      7.593021291540936e-05,
      5.706044612452388e-05,
      0.00021685002138838172,
      -0.00018799368990585208,
      3.537315933499485e-05,
      6.288690929068252e-05,
      4.237687971908599e-05,
      0.00012958655133843422,
      -0.0001171599724330008,
      -6.978417331993114e-06,
      -0.00015016474935691804,
      4.134931805310771e-05,
      -0.00023304458591155708,
      -8.202114258892834e-05,
      -5.6332690292038023e-05
    ],
    [
      -8.251445251516998e-05,
      0.00010316217958461493,
      -1.1458854714874178e-05,
      0.00012366264127194881,
      -0.0001582954137120396,
      9.414942906005308e-05,
      5.832027454744093e-05,
      -6.698101060464978e-06,
      8.633287507109344e-08,
      -0.00011984787124674767,
      -0.00016444220091216266,
      7.993017788976431e-05,
      -0.00024466958711855114,
      -7.811082468833774e-06,
      -0.00012031059304717928,
      0.00016461014456581324
    ],
    [
      -0.0002389447472523898,
      7.234454096760601e-05,
      6.741796096321195e-05,
      -8.324385999003425e-05,
      3.236257907701656e-05,
      -7.744222966721281e-05,
      0.00014545883459504694,
      -5.727418465539813e-05,
      -7.200260006356984e-05,
      -8.179983706213534e-05,
      -0.00012307091674301773,
      0.00010781464516185224,
      0.0001322780444752425,
      0.0001284597092308104,
      6.639481580350548e-05,
      -3.1023388146422803e-05
    ],
    [
      -4.902071668766439e-05,
      -4.5611668610945344e-05,
      6.496866990346462e-05,
      -0.00011620550503721461,
      -0.00013164838310331106,
      -4.124641418457031e-05,
      5.950836930423975e-05,
      0.00012903688184451312,
      -5.8001278375741094e-05,
      4.2238389141857624e-05,
      6.135790317784995e-05,
      1.613859785720706e-05,
      -7.5088108133059e-05,
      0.00014227302744984627,
      -8.744036313146353e-05,
      7.401179755106568e-05
    ],
    [
      0.00013686451711691916,
      -8.21051507955417e-05,
      0.00023258564760908484,
      0.00020995821978431195,
      -5.672427505487576e-06,
      -0.00011266950605204329,
      5.562027217820287e-05,
      6.133147689979523e-05,
      0.00017220815061591566,
      6.106529326643795e-05,
      3.8123675039969385e-05,
      0.00011260341852903366,
      -1.9230490579502657e-05,
      -1.5215162420645356e-05,
      0.00015312089817598462,
      8.903478010324761e-05
    ],
    [
      0.00017906728317029774,
      0.0001761601015459746,
      0.2438025027513504,
      0.00018068385543301702,
      7.911185821285471e-05,
      0.17402401566505432,
      -0.14318187534809113,
      0.0002650510868988931,
      0.00021958959405310452,
      -0.00013762664457317442,
      -0.00023757139570079744,
      -0.07634865492582321,
      -0.00018784463463816792,
      -0.2534902095794678,
      -0.00013753438543062657,
      -5.4206742788665e-05
    ],
    [
      4.9342415877617896e-06,
      9.30483583942987e-05,
      -0.0001599008246557787,
      -0.00016787857748568058,
      5.630386294797063e-05,
      4.822863411391154e-05,
      -0.00025489996187388897,
      0.0001144765701610595,
      -0.0001402582711307332,
      -0.00014417298370972276,
      -2.2110520148999058e-05,
      2.646039501996711e-05,
      0.00012643402442336082,
      8.981689461506903e-05,
      -3.4517142921686172e-06,
      3.758671664400026e-05
    ],
    [
      -5.249789683148265e-05,
