{
  "feature_names_out": [
    "x",
    "x^2",
    "x^3",
    "x^4",
    "x^5"
  ],
  "coefficients": [
    -1.0000004768371582,
    -7.517883204855025e-09,
    1.6159269478066562e-07,
    -4.3560934415154406e-08,
    2.1420071050215483e-07
  ],
  "intercept": 1.291438067596573e-09
}