{
  "fc1.weight": [
    [
      0.5365480780601501
    ],
    [
      -0.00022127453121356666
    ],
    [
      -0.6748961210250854
    ],
    [
      -7.198450475698337e-05
    ],
    [
      0.528997004032135
    ],
    [
      0.00040395031101070344
    ],
    [
      0.6342726945877075
    ],
    [
      0.3972020745277405
    ],
    [
      0.00019904455984942615
    ],
    [
      -0.4891602396965027
    ],
    [
      0.41779449582099915
    ],
    [
      6.804236181778833e-05
    ],
    [
      -0.5219157934188843
    ],
    [
      -0.000174147731740959
    ],
    [
      -0.3228107988834381
    ],
    [
      -0.5624377727508545
    ]
  ],
  "fc1.bias": [
    0.7173373699188232,
    5.634476474369876e-05,
    0.9224452972412109,
    -1.1993315638392232e-06,
    0.056036271154880524,
    -3.0460134439636022e-05,
    -0.844913125038147,
    0.3254910707473755,
    -2.129157837771345e-05,
    -0.36818087100982666,
    0.4783635437488556,
    0.00012914427497889847,
    -0.6031690835952759,
    7.094465399859473e-05,
    -0.0012528597144410014,
    0.6498473286628723
  ],
  "fc2.weight": [
    [
      0.0013061631470918655,
      -0.00012843027070630342,
      0.0007337728748098016,
      7.679907866986468e-05,
      0.0007054267334751785,
      -5.834430339746177e-06,
      0.1572626680135727,
      0.04061141237616539,
      -0.00027921763830818236,
      -0.17299200594425201,
      0.0011396449990570545,
      0.00017663417384028435,
      -0.011861288920044899,
      -1.1463460396043956e-05,
      -0.00030046264873817563,
      -0.08783464133739471
    ],
    [
      0.008751112036406994,
      -0.0003221352817490697,
      -0.2488633394241333,
      2.7022564609069377e-05,
      0.029975082725286484,
      0.00016079613124020398,
      0.22260060906410217,
      0.1203712597489357,
      9.125877841142938e-05,
      -0.24200496077537537,
      0.15957334637641907,
      -7.89282494224608e-05,
      -0.011801245622336864,
      2.2884078134666197e-06,
      -0.057776808738708496,
      -0.024365248158574104
    ],
    [
      6.032214150764048e-05,
      -0.0002278918691445142,
      -6.964237400097772e-07,
      -0.0001952972961589694,
      -0.00010118592763319612,
      4.755899135489017e-05,
      7.364954217337072e-05,
      -4.52578387921676e-06,
      3.299048694316298e-05,
      -5.1851224270649254e-05,
      2.1701111108995974e-05,
      7.284231833182275e-05,
      -0.0001487637491663918,
      0.00010261881834594533,
      9.972303087124601e-05,
      -1.035696823237231e-05
    ],
    [
      -0.021923229098320007,
      -0.00011195174738531932,
      0.00162868807092309,
      -0.00010988667781930417,
      -0.3647238314151764,
      -0.00010052107973024249,
      -0.27368056774139404,
      -0.04434353858232498,
      4.944441025145352e-05,
      0.0446942113339901,
      -0.01936964876949787,
      -0.00034624975523911417,
      0.3168643116950989,
      -4.141842873650603e-05,
      0.1845262199640274,
      0.284519225358963
    ],
    [
      0.00030288597918115556,
      -1.688943666522391e-05,
      -0.10288723558187485,
      -0.00019213820633012801,
      -0.00015867409820202738,
      0.00015245735994540155,
      -0.00040822988376021385,
      -3.4550190321169794e-05,
      -0.00016088824486359954,
      -0.0001031246647471562,
      0.00018414811347611248,
      7.325459591811523e-05,
      -0.000268299801973626,
      -0.00020876637427136302,
      0.00033323955722153187,
      0.00042677862802520394
    ],
    [
      -0.013980698771774769,
      -0.00017408767598681152,
      0.2985054850578308,
      1.0064191883429885e-05,
      -0.2898412346839905,
      -0.00028441587346605957,
      -0.04322583228349686,
      -0.008625920861959457,
      0.00020446022972464561,
      0.24329149723052979,
      -0.06746893376111984,
      -0.00036029802868142724,
      0.25587543845176697,
      0.000274624238954857,
      0.022595113143324852,
      0.10263217240571976
    ],
    [
      0.001241141464561224,
      -7.266112515935674e-05,
      -0.31207796931266785,
      -3.297779767308384e-05,
      0.0005430777673609555,
      -0.00020529879839159548,
      -0.000950724701397121,
      0.0009405005839653313,
      3.847226616926491e-05,
      -0.0010758653515949845,
      0.0010834508575499058,
      0.0002288889663759619,
      -0.0011929551837965846,
      -0.00010564192052697763,
      -0.00015985436039045453,
      -0.08608409017324448
    ],
    [
      0.00036192568950355053,
      -0.0001558049989398569,
      0.000215236097574234,
      -0.0002491978812031448,
      7.676680979784578e-05,
      0.00015627473476342857,
      -0.0001563838159199804,
      -4.8720554332248867e-05,
      6.485721678473055e-05,
      1.2146771041443571e-05,
      0.00010100705549120903,
      1.2204079212096985e-05,
      0.00015106216596905142,
      3.928332444047555e-05,
      0.0001350002276012674,
      -1.669661287451163e-05
    ],
    [
      6.447148734878283e-06,
      9.184542432194576e-05,
      -1.2422126019373536e-05,
      2.0082268747501075e-05,
      -1.530956978967879e-06,
      2.2598233044845983e-05,
      8.58903968037339e-06,
      3.768286660488229e-08,
      8.256504952441901e-05,
      -1.0906644092756324e-05,
      9.432046113033721e-07,
      -3.246989581384696e-05,
      -1.431014243280515e-05,
      2.5966466637328267e-05,
      1.2507396604632959e-05,
      -4.332075604907004e-06
    ],
    [
      3.0198032618500292e-05,
      0.00017953533097170293,
      -0.00022768593044020236,
      1.5063240425661206e-05,
      6.803687574574724e-05,
      0.00012983763008378446,
      6.370576738845557e-05,
      0.00010877531894948334,
      0.00036022256244905293,
      -0.00021132489200681448,
      -8.311058627441525e-05,
      7.244737935252488e-05,
      0.00014441405073739588,
      9.921634045895189e-05,
      -0.00019008707022294402,
      0.00032993147033266723
    ],
    [
      0.23137864470481873,
      -0.0001333544496446848,
      -0.02275952324271202,
      -0.00012048459029756486,
      0.0842309296131134,
      3.679453948279843e-05,
      0.32250404357910156,
      0.3210783004760742,
      0.00010798296716529876,
      -0.2809061110019684,
      0.022350473329424858,
      0.00010499844211153686,
      -0.044655147939920425,
      0.00022120322682894766,
      -0.07522280514240265,
      -0.08585567772388458
    ],
    [
      -0.12254125624895096,
      -0.00023859701468609273,
      0.019153593108057976,
      -0.0002631263341754675,
      -0.07945777475833893,
      1.6898913600016385e-05,
      9.874478564597666e-05,
      -0.09007575362920761,
      -0.00023447113926522434,
      0.0012659190688282251,
      -0.0011786989634856582,
      -5.54194521100726e-05,
      0.155839204788208,
      -6.439412391046062e-05,
      0.017184756696224213,
      6.889022188261151e-07
    ],
    [
      5.493851494975388e-05,
      -0.00011030390305677429,
      -1.4802441000938416e-05,
      -0.00019695218361448497,
      -7.001439371379092e-05,
      -0.00014036198263056576,
      -2.7921425498789176e-05,
      -0.00010530387953622267,
      -7.424005161738023e-05,
      5.9814345149789006e-05,
      -8.984465966932476e-05,
      5.049652827437967e-05,
      -3.1583265808876604e-05,
      -2.408778527751565e-07,
      -0.0001201870763907209,
      1.3616372598335147e-06
    ],
    [
      0.00293583981692791,
      -8.624024485470727e-05,
      0.9297204613685608,
      0.00023171331849880517,
      0.002049103146418929,
      0.00010319218563381582,
      -0.7263523936271667,
      0.002177770482376218,
      9.293579205404967e-05,
      -0.0023934461642056704,
      0.002370122354477644,
      0.00016828213119879365,
      -0.0027632846031337976,
      -0.00015407452883664519,
      -0.0015744088450446725,
      0.5003324151039124
    ],
    [
      0.12648583948612213,
      0.00022906952654011548,
      -0.11426204442977905,
      0.0002096832322422415,
      0.012740349397063255,
