{
  "feature_names_out": [
    "x",
    "x^2",
    "x^3",
    "x^4",
    "x^5"
  ],
  "coefficients": [
    -0.9998698234558105,
    -0.0003252752940170467,
    -0.0009303315309807658,
    7.261060818564147e-05,
    0.000932542432565242
  ],
  "intercept": -5.644905876067696e-09
}