{
  "fc1.weight": [
    [
      -1.6355974366888404e-05,
      -0.0003524700296111405
    ],
    [
      0.1735268086194992,
      0.7089389562606812
    ],
    [
      0.5347702503204346,
      -0.6656942367553711
    ],
    [
      -8.747090032557026e-05,
      -0.0001039382623275742
    ],
    [
      -0.18538197875022888,
      0.9524553418159485
    ],
    [
      0.27501675486564636,
      -8.942944987211376e-05
    ],
    [
      0.00037245507701300085,
      0.00019379236618988216
    ],
    [
      -0.4679162800312042,
      -0.7520032525062561
    ],
    [
      -0.2902882397174835,
      0.8623261451721191
    ],
    [
      0.09051513671875,
      0.8380899429321289
    ],
    [
      0.6482519507408142,
      -0.5684458017349243
    ],
    [
      -0.2285805195569992,
      -0.7369021773338318
    ],
    [
      0.09827113896608353,
      -0.3828505873680115
    ],
    [
      0.6234988570213318,
      0.7360150218009949
    ],
    [
      -0.00026343960780650377,
      -0.0002571870863903314
    ],
    [
      0.3141053020954132,
      -0.00021285883849486709
    ]
  ],
  "fc1.bias": [
    0.00018353400810156018,
    -1.4317296743392944,
    -0.14132319390773773,
    0.00032131816260516644,
    -0.9467173218727112,
    0.5206697583198547,
    7.625995203852654e-05,
    0.11025739461183548,
    -0.06528221070766449,
    0.8865799307823181,
    -1.0612927675247192,
    -0.24302196502685547,
    -0.6773058176040649,
    -0.9478254318237305,
    -4.015654121758416e-05,
    0.5963111519813538
  ],
  "fc2.weight": [
    [
      0.00012214350863359869,
      0.33554843068122864,
      -0.0006977118900977075,
      0.0003032700333278626,
      0.17828547954559326,
      -0.0001764170010574162,
      -0.00012758483353536576,
      -0.0004921990330331028,
      0.0007474529556930065,
      -0.9942349791526794,
      0.7278676629066467,
      3.9327493141172454e-05,
      0.9960610270500183,
      0.0004124678089283407,
      -0.00023420166689902544,
      -0.00013390292588155717
    ],
    [
      2.793020394165069e-05,
      -0.18456751108169556,
      0.15264640748500824,
      1.2504657206591219e-05,
      -0.33071520924568176,
      -0.09224259108304977,
      3.134302096441388e-05,
      -0.058007482439279556,
      -0.00013226518058218062,
      0.11545814573764801,
      0.0002465779543854296,
      -0.2663153111934662,
      -0.09977838397026062,
      0.0014150174101814628,
      0.00015955808339640498,
      -0.29764524102211
    ],
    [
      -1.7328726244159043e-05,
      -0.14254537224769592,
      0.03402230888605118,
      8.750447886995971e-05,
      -0.3449111878871918,
      -0.00012171312118880451,
      -0.00019334597163833678,
      -0.3025607168674469,
      -0.24312233924865723,
      2.290323027409613e-05,
      0.00028591029695235193,
      -0.00016879115719348192,
      3.615731839090586e-05,
      0.0002750171988736838,
      0.00016400968888774514,
      -0.00018389671458862722
    ],
    [
      0.00010380128514952958,
      -4.9770223995437846e-05,
      0.14671480655670166,
      -7.156214269343764e-05,
      -0.18225927650928497,
      -0.0894310474395752,
      -3.1971758289728314e-05,
      -0.001299920491874218,
      -0.20118962228298187,
      0.2905762195587158,
      0.07346568256616592,
      -0.18105453252792358,
      -1.3838412996847183e-05,
      0.005260692909359932,
      -0.0002743470249697566,
      -0.2342972606420517
    ],
    [
      -1.2491655070334673e-06,
      -0.371944785118103,
      0.0002498290268704295,
      0.0002131781802745536,
      -0.36420968174934387,
      -0.19231507182121277,
      7.804497727192938e-05,
      -0.21777130663394928,
      -7.782511238474399e-05,
      0.3101257383823395,
      0.00019778916612267494,
      -0.039733391255140305,
      -0.00010967132402583957,
      0.0006455402472056448,
      -0.0001400511246174574,
      -0.22106005251407623
    ],
    [
      2.171094820369035e-05,
      -0.00014973292127251625,
      0.00028831366216763854,
      4.507304402068257e-05,
      -0.12369861453771591,
      -0.2606004774570465,
      8.567012991989031e-05,
      -0.1636267751455307,
      -0.03182494267821312,
      0.05660831555724144,
      0.22476327419281006,
      -0.0001566427235957235,
      -9.763878188095987e-05,
      0.2237788289785385,
      5.362333104130812e-05,
      -0.21943412721157074
    ],
    [
      6.728402513545007e-05,
      -0.04846104234457016,
      0.0003953639243263751,
      0.0004422350903041661,
      -0.00023812364088371396,
      -0.09668582677841187,
      -8.38509586174041e-05,
      -0.029901990666985512,
      -0.3002399206161499,
      0.10014360398054123,
      0.12805122137069702,
      -0.21802547574043274,
      -5.159160355105996e-05,
      0.1003793329000473,
      0.0002208710357081145,
      -0.3498060703277588
    ],
    [
      -0.0002620744926389307,
      -3.8053021853556857e-05,
      0.12720510363578796,
      0.0002519098634365946,
      -0.00013624649727717042,
      -0.020677078515291214,
      -0.0001833902788348496,
      0.00024501330335624516,
      -0.10049278289079666,
      -0.00036025879671797156,
      0.7542911767959595,
      0.00016757183766458184,
      -7.566125714220107e-05,
      0.5290995240211487,
      -0.0001998879888560623,
      -0.031586647033691406
    ],
    [
      6.665453838650137e-05,
      1.4002349376678467,
      0.0002556024701334536,
      -0.00019982528465334326,
      0.4062030017375946,
      -0.00019304209854453802,
      2.1590043616015464e-05,
      0.0004544125113170594,
      -0.0003307618899270892,
      -0.0003210559079889208,
      0.00020402514201123267,
      0.00029955978970974684,
      0.00023891881573945284,
      -0.0003800510021392256,
      6.0449965531006455e-05,
      -0.00017341838974971324
    ],
    [
      0.00014246650971472263,
      -3.164955342072062e-05,
      5.926101221120916e-05,
      0.0001591555483173579,
      7.302031735889614e-05,
      -3.247913355153287e-06,
      2.6083638658747077e-05,
      0.00010145064879907295,
      -5.004355625715107e-05,
      1.9895473087672144e-05,
      2.7063088055001572e-05,
      -3.14180288114585e-05,
      -6.218301859917119e-05,
      -7.723114686086774e-05,
      2.0605555619113147e-05,
      -3.5624099837150425e-05
    ],
    [
      -0.0001212175702676177,
      0.0003393914666958153,
      -0.0002854288322851062,
      -4.81082679471001e-06,
      0.00024800095707178116,
      5.419782246463001e-05,
      -0.00012887200864497572,
      5.757387407356873e-05,
      -0.00012133906420785934,
      -0.0002337008190806955,
      -5.9296522522345185e-05,
      -0.0001121431851061061,
      0.0001334781845798716,
      -0.00019495187734719366,
      0.00012906808115076274,
      -0.00010167344589717686
    ],
    [
      6.1860351706855e-05,
      3.86758147215005e-05,
      -0.187228724360466,
      0.00028435830608941615,
      0.00015078797878231853,
      -1.692994192126207e-05,
      0.000282639404758811,
      0.16051968932151794,
      0.3277171552181244,
      -0.019432568922638893,
      -0.00042629189556464553,
      0.22488974034786224,
      1.8966638890560716e-06,
      -0.00014340505003929138,
      8.674856871948577e-06,
      0.06348316371440887
    ],
    [
      0.00013474197476170957,
      0.00012470378715079278,
      -0.0002516350650694221,
      -0.00022053929569665343,
      0.0001753185351844877,
      2.1319419829524122e-06,
      -0.0003288246807642281,
      0.14648209512233734,
      0.00030840563704259694,
      -0.0002410974120721221,
      -0.30118393898010254,
      0.00013828236842527986,
      6.321302498690784e-05,
      -0.2605196535587311,
      -3.680646841530688e-05,
      0.11842961609363556
    ],
    [
      0.0003698758373502642,
      -0.00010050884884549305,
      -0.33638256788253784,
      0.00011740504123736173,
      -0.00010207724699284881,
      6.351596312015317e-06,
      9.835600212682039e-05,
      0.2385600507259369,
