{
  "feature_names_out": [
    "v0",
    "theta",
    "v0^2",
    "v0 theta",
    "theta^2",
    "v0^3",
    "v0^2 theta",
    "v0 theta^2",
    "theta^3",
    "v0^4",
    "v0^3 theta",
    "v0^2 theta^2",
    "v0 theta^3",
    "theta^4",
    "v0^5",
    "v0^4 theta",
    "v0^3 theta^2",
    "v0^2 theta^3",
    "v0 theta^4",
    "theta^5"
  ],
  "coefficients": [
    1.174685001373291,
    -0.011980131268501282,
    0.22779616713523865,
    0.0006644685054197907,
    -0.40346482396125793,
    0.0007012039422988892,
    -0.005919368006289005,
    -0.48809003829956055,
    0.0340767502784729,
    -0.016111476346850395,
    -0.0034964047372341156,
    -0.09745986759662628,
    0.0037069099489599466,
    0.05821344256401062,
    0.0008713006973266602,
    0.007525989785790443,
    -0.000994265079498291,
    0.00038670445792376995,
    0.05475133657455444,
    -0.023932185024023056
  ],
  "intercept": -3.5596254832626073e-09
}