{
  "fc1.weight": [
    [
      -0.3723810017108917,
      -0.7962888479232788
    ],
    [
      -0.48330268263816833,
      0.9613801836967468
    ],
    [
      -2.1438434487208724e-05,
      -3.054959961446002e-05
    ],
    [
      -0.29518407583236694,
      -0.555755615234375
    ],
    [
      -0.480389803647995,
      -0.7933077812194824
    ],
    [
      -0.3926454782485962,
      -0.23499740660190582
    ],
    [
      -0.013265054672956467,
      0.0014369101263582706
    ],
    [
      0.4373299181461334,
      -0.9255988597869873
    ],
    [
      -0.043119270354509354,
      -0.6757015585899353
    ],
    [
      0.00018384522991254926,
      -5.229505768511444e-05
    ],
    [
      0.17283691465854645,
      0.45103728771209717
    ],
    [
      0.024163488298654556,
      -0.001611056155525148
    ],
    [
      0.266774445772171,
      -0.5876683592796326
    ],
    [
      0.46007248759269714,
      -0.6008480191230774
    ],
    [
      0.4048089385032654,
      -0.003470779163762927
    ],
    [
      -0.0008437820943072438,
      0.0017290241084992886
    ]
  ],
  "fc1.bias": [
    -0.2813282907009125,
    -0.762268602848053,
    -3.58951001544483e-06,
    -0.03791506588459015,
    0.2782568633556366,
    0.9042178392410278,
    0.9945401549339294,
    -0.001412070239894092,
    0.971867024898529,
    -0.00010981232480844483,
    -0.8674082159996033,
    -1.0488860607147217,
    -1.2046189308166504,
    -0.41958898305892944,
    -0.4912840723991394,
    0.0012626831885427237
  ],
  "fc2.weight": [
    [
      0.16969993710517883,
      0.44703540205955505,
      7.929940011308645e-07,
      0.12132026255130768,
      0.3855723738670349,
      0.029185529798269272,
      0.13074803352355957,
      -0.09828423708677292,
      -0.20540885627269745,
      2.8062764613423496e-05,
      -0.0008618145948275924,
      -0.277290403842926,
      -0.000680932542309165,
      -0.013651133514940739,
      -0.001139948726631701,
      0.002885582856833935
    ],
    [
      0.003824592335149646,
      0.12672120332717896,
      -3.160574851790443e-05,
      0.002810202306136489,
      0.0031035873107612133,
      -0.9800992012023926,
      -0.0782681331038475,
      0.003976958803832531,
      -1.2716323137283325,
      0.0001648964243941009,
      1.1681767702102661,
      0.23826347291469574,
      0.004026202950626612,
      0.004104210529476404,
      0.23633863031864166,
      0.00014906717115081847
    ],
    [
      -0.5408841371536255,
      -0.11474606394767761,
      1.4538854884449393e-05,
      -0.3894929885864258,
      -0.19375446438789368,
      0.0017216862179338932,
      0.08910959959030151,
      0.0007640622206963599,
      0.055557575076818466,
      -2.0586230675689876e-06,
      -0.000870447838678956,
      -0.27546241879463196,
      -1.3782877922058105,
      -0.04380021616816521,
      -0.19079938530921936,
      0.00013050445704720914
    ],
    [
      -0.19703781604766846,
      -0.16542062163352966,
      -0.00011576411634450778,
      0.00010534567991271615,
      -0.006278762593865395,
      -0.031154487282037735,
      -0.0002029293100349605,
      0.0008325274684466422,
      -0.0006928533548489213,
      -3.4943623177241534e-05,
      0.01353423297405243,
      -0.013463286682963371,
      -0.20955759286880493,
      0.0007461151108145714,
      -0.00028950764681212604,
      0.0003798984980676323
    ],
    [
      0.24041728675365448,
      0.2190573364496231,
      2.049157046712935e-06,
      0.08966951817274094,
      0.10367832332849503,
      0.0008185398764908314,
      0.28308260440826416,
      -0.3413870930671692,
      -0.27140775322914124,
      -1.9748680642805994e-05,
      -0.000686264073010534,
      -0.2679749131202698,
      0.25073298811912537,
      -0.0184540543705225,
      -0.09264986217021942,
      0.0009384470176883042
    ],
    [
      0.18787968158721924,
      0.09582927078008652,
      2.5004692361108027e-06,
      0.22428622841835022,
      0.4638795256614685,
      0.21082602441310883,
      0.04938670992851257,
      -0.2648563086986542,
      0.06505579501390457,
      -0.0001398924068780616,
      -0.13602730631828308,
      -0.04035443812608719,
      -0.049543317407369614,
      -0.09515367448329926,
      -0.2345099300146103,
      0.00044506523408927023
    ],
    [
      -0.0004941559745930135,
      -0.10695168375968933,
      -4.307850758777931e-05,
      8.509257168043405e-05,
      0.0006944752531126142,
      0.2950702905654907,
      0.16533274948596954,
      0.009278379380702972,
      0.4978563189506531,
      -7.388388621620834e-05,
      -0.3565431535243988,
      -0.0006849074270576239,
      -0.00041932944441214204,
      0.2066582590341568,
      -0.055103760212659836,
      -0.0014761107740923762
    ],
    [
      0.45698973536491394,
      0.000828504329547286,
      -8.196716953534633e-05,
      0.001684727380052209,
      0.8881614804267883,
      0.2008582353591919,
      0.38550734519958496,
      -0.5570316314697266,
      -0.0007254009251482785,
      0.0001665355812292546,
      -0.027647770941257477,
      -0.5546296238899231,
      -0.15290072560310364,
      -0.6210285425186157,
      -0.005461626686155796,
      -0.00025050219846889377
    ],
    [
      0.19367378950119019,
      0.27374160289764404,
      -2.946773292933358e-06,
      0.001196318306028843,
      0.3621166944503784,
      0.32588306069374084,
      0.41829630732536316,
      -0.39389368891716003,
      -0.20019705593585968,
      0.00034412520471960306,
      -0.0006581158959306777,
      -0.17331720888614655,
      0.14659525454044342,
      -0.09728413820266724,
      0.00021383452985901386,
      0.002780288690701127
    ],
    [
      0.5644814968109131,
      0.00023982963466551155,
      2.5137012926279567e-05,
      0.4313952922821045,
      0.2980107367038727,
      -0.0009095156565308571,
      -0.07571187615394592,
      0.0004279445274733007,
      -0.10594822466373444,
      -9.307861182605848e-05,
      0.041873496025800705,
      0.12453469634056091,
      0.8340988159179688,
      0.0006560016772709787,
      0.06093989685177803,
      0.00019727597828023136
    ],
    [
      -0.6002631783485413,
      -0.0005977338878437877,
      5.3049112466396764e-05,
      -0.2560754418373108,
      -0.3053905963897705,
      0.0342690572142601,
      0.24120189249515533,
      0.006840913090854883,
      0.0079198582097888,
      0.00040667213033884764,
      -0.036950476467609406,
      -0.09209979325532913,
      -0.9778667092323303,
      0.00011367224215064198,
      -0.0014274478890001774,
      -0.00024228714755736291
    ],
    [
      -0.001114738523028791,
      -0.504794716835022,
      1.8732149328570813e-05,
      0.10432877391576767,
      0.01653626374900341,
      0.2717610001564026,
      0.373831570148468,
      0.16666948795318604,
      0.45467790961265564,
      -2.9471571906469762e-05,
      -0.47985565662384033,
      -0.019078010693192482,
      -0.0016898273024708033,
      0.11749052256345749,
      -0.04125046730041504,
      -0.0004958580830134451
    ],
    [
      -2.331951509404462e-05,
      -7.919247582321987e-05,
      0.00027166155632585287,
      0.00019253144273534417,
      -3.3829455787781626e-05,
      1.3935009519627783e-05,
      -5.589368811342865e-06,
      2.496619890735019e-05,
      4.6725868742214516e-05,
      -0.0001399767497787252,
      3.7840807635802776e-05,
      5.886221333639696e-05,
      3.566608211258426e-05,
      -7.336919952649623e-05,
      3.580508928280324e-05,
      2.183343895012513e-06
    ],
    [
      0.025269297882914543,
      0.18850469589233398,
      2.5283265131292865e-05,
      0.08167615532875061,
      0.0372718870639801,
      0.1924753487110138,
      -0.0013953218003734946,
      -0.4660998582839966,
      -0.0021820878610014915,
      -0.00015106747741810977,
      0.0015358335804194212,
      -0.19052177667617798,
      -0.47018858790397644,
      -0.7790439128875732,
