{
  "feature_names_out": [
    "lambd",
    "t",
    "lambd^2",
    "lambd t",
    "t^2",
    "lambd^3",
    "lambd^2 t",
    "lambd t^2",
    "t^3",
    "lambd^4",
    "lambd^3 t",
    "lambd^2 t^2",
    "lambd t^3",
    "t^4",
    "lambd^5",
    "lambd^4 t",
    "lambd^3 t^2",
    "lambd^2 t^3",
    "lambd t^4",
    "t^5"
  ],
  "coefficients": [
    -0.5770483613014221,
    -0.6260117888450623,
    0.18897277116775513,
    0.1896534562110901,
    0.23283854126930237,
    -0.09992223978042603,
    0.07871051132678986,
    0.09924787282943726,
    -0.16033728420734406,
    0.04977372661232948,
    -0.1069132387638092,
    -0.057831984013319016,
    -0.14509256184101105,
    0.07180535048246384,
    -0.031188130378723145,
    0.06372137367725372,
    -0.008054971694946289,
    -0.008271746337413788,
    0.07819913327693939,
    -0.029353810474276543
  ],
  "intercept": -2.6522709362097885e-08
}