{
  "fc1.weight": [
    [
      -0.0010935881873592734,
      -0.0006154098082333803
    ],
    [
      0.00017091365589294583,
      0.00013772444799542427
    ],
    [
      -0.4851577579975128,
      -0.4852820932865143
    ],
    [
      -0.20208431780338287,
      -0.16389340162277222
    ],
    [
      0.600333571434021,
      0.12992699444293976
    ],
    [
      0.5733917355537415,
      0.0953652411699295
    ],
    [
      0.37864652276039124,
      -0.7394564151763916
    ],
    [
      -0.2867131531238556,
      -0.2587122619152069
    ],
    [
      0.0006502179894596338,
      0.00053986138664186
    ],
    [
      0.2088402360677719,
      0.1759532243013382
    ],
    [
      -0.6169499754905701,
      -0.6130131483078003
    ],
    [
      0.7157439589500427,
      -0.41503411531448364
    ],
    [
      -0.24038560688495636,
      -0.7959150075912476
    ],
    [
      -0.35168322920799255,
      0.6786798238754272
    ],
    [
      -4.660989361582324e-05,
      -0.00018467294285073876
    ],
    [
      -0.0005211387178860605,
      -0.00046316051157191396
    ]
  ],
  "fc1.bias": [
    -0.7923083305358887,
    -0.00011113150685559958,
    0.22687724232673645,
    0.20298096537590027,
    0.07633955031633377,
    -0.0006982478662393987,
    -1.7235599756240845,
    0.3471504747867584,
    0.579504668712616,
    -0.0002381724480073899,
    0.23650923371315002,
    1.6502071619033813,
    -0.27299851179122925,
    1.5167968273162842,
    4.208624886814505e-05,
    -0.5699864625930786
  ],
  "fc2.weight": [
    [
      0.15296854078769684,
      -5.731477722292766e-05,
      0.0001818405435187742,
      0.0004394720308482647,
      -0.0006215969333425164,
      -0.0007042908691801131,
      -0.0002581170410849154,
      0.00031917734304443,
      9.82602869044058e-05,
      -0.0006938757142052054,
      5.3422041673911735e-05,
      0.0002489442122168839,
      0.00022744393208995461,
      0.000337004050379619,
      -1.8675673345569521e-06,
      -0.00010280085552949458
    ],
    [
      0.1361398845911026,
      -0.00012398004764690995,
      0.00020816245523747057,
      0.0004405111540108919,
      -0.0005008287262171507,
      -0.0006057790014892817,
      -0.000260002474533394,
      0.00033848200109787285,
      0.00012862587755080312,
      -0.0006312879268079996,
      7.941681542433798e-05,
      0.0002976335817947984,
      0.0002418760268483311,
      0.00033759544021449983,
      -0.00014572174404747784,
      0.03907009959220886
    ],
    [
      0.2354292869567871,
      -0.0003190294955857098,
      -0.2582378685474396,
      -0.35035690665245056,
      0.4641946852207184,
      0.3010389506816864,
      -0.9123267531394958,
      -0.4985243082046509,
      -0.24992413818836212,
      0.08010663092136383,
      -0.2507469356060028,
      1.1551192998886108,
      -0.5032486319541931,
      0.7759624719619751,
      0.00016037884051911533,
      0.07778232544660568
    ],
    [
      -0.2622641623020172,
      5.9933881857432425e-05,
      -0.00014724831271450967,
      -0.0004553475009743124,
      0.000743154261726886,
      0.0009050857624970376,
      0.00025306048337370157,
      -0.0002786664117593318,
      0.10770545899868011,
      0.0006631339201703668,
      5.0691769502009265e-06,
      -0.00016831260290928185,
      -0.00026188232004642487,
      -0.00036686426028609276,
      7.300756988115609e-05,
      8.122646977426484e-05
    ],
    [
      2.9484461265383288e-05,
      0.00027094053803011775,
      -0.00015545394853688776,
      -0.0004419518227223307,
      0.000726117636077106,
      0.0009024129249155521,
      0.00025759724667295814,
      -0.00028390189982019365,
      0.190302312374115,
      0.0006739824311807752,
      -3.2823820220073685e-05,
      -0.00016975337348412722,
      -0.0002592819801066071,
      -0.0003690394514705986,
      -9.074762783711776e-05,
      -0.007343813311308622
    ],
    [
      1.3953387679066509e-05,
      -3.326061414554715e-05,
      0.00012005094322375953,
      0.00010597774235066026,
      -9.685683471616358e-05,
      -0.0002978048869408667,
      7.09731102688238e-05,
      4.103340324945748e-05,
      0.00011758321488741785,
      3.371471393620595e-05,
      -0.000315830489853397,
      -4.744199031847529e-05,
      0.00021489796927198768,
      8.264950156444684e-05,
      -5.961093847872689e-06,
      0.0001355888380203396
    ],
    [
      0.00038463843520730734,
      0.0001509949070168659,
      0.00015843997243791819,
      -0.0002971099456772208,
      2.3963755666045472e-05,
      7.53927743062377e-05,
      1.382047776132822e-05,
      -0.00011879517114721239,
      0.0001925824035424739,
      0.00012784030695911497,
      -0.00013423836207948625,
      -3.0676797905471176e-05,
      -9.706540731713176e-05,
      -7.074183668009937e-05,
      -0.0001757455029292032,
      -0.00016845617210492492
    ],
    [
      0.16202381253242493,
      -7.73578358348459e-05,
      -0.3612108528614044,
      0.0002620830782689154,
      -0.0005671129911206663,
      -0.0005477271624840796,
      -0.23839055001735687,
      -0.31530967354774475,
      -0.00020519572717603296,
      -0.000650854199193418,
      -0.361125648021698,
      0.3311142027378082,
      -0.12417776137590408,
      0.29277533292770386,
      -9.815317753236741e-05,
      0.00021319267398212105
    ],
    [
      0.08629857003688812,
      0.00012791108747478575,
      0.00016322584997396916,
      0.0004603936686180532,
      -0.0006919374573044479,
      -0.0008641780004836619,
      -0.0002602970344014466,
      0.00029277795692905784,
      8.212709508370608e-05,
      -0.0006563622737303376,
      9.418679837835953e-06,
      0.00017927901353687048,
      0.0002569393254816532,
      0.0003669375437311828,
      1.9357428755029105e-05,
      0.14524906873703003
    ],
    [
      -0.16751712560653687,
      4.329802322899923e-05,
      0.3546391725540161,
      -0.00043202692177146673,
      0.0008443896658718586,
      0.0008306004456244409,
      0.18144860863685608,
      -0.00028094719164073467,
      4.276029812899651e-06,
      0.0008316371240653098,
      0.273177832365036,
      -0.6155762076377869,
      -0.00032563466811552644,
      -0.5141456127166748,
      6.400528945960104e-05,
      -1.5369365428341553e-05
    ],
    [
      -9.013042290462181e-05,
      -0.00016893050633370876,
      0.022478239610791206,
      -0.00022964066010899842,
      0.00032519554952159524,
      0.0003143612411804497,
      0.4262329936027527,
      -0.0001470704301027581,
      0.0285192858427763,
      0.0005908841849304736,
      0.25768136978149414,
      -0.501227080821991,
      -0.0006762239499948919,
      -0.3276028037071228,
      -1.5549001545878127e-05,
      -9.253861935576424e-05
    ],
    [
      0.00015128728409763426,
      0.00017174948879983276,
      -2.444815618218854e-05,
      -0.00023211960797198117,
      -2.0270817913115025e-08,
      8.280861948151141e-05,
      1.318767317570746e-07,
      0.00017606612527742982,
      7.436086889356375e-06,
      -2.525545278331265e-05,
      5.4634539992548525e-05,
      -5.944430085946806e-05,
      -0.00016059949120972306,
      4.5136635890230536e-05,
      -0.00015110033564269543,
      6.433008820749819e-05
    ],
    [
      -5.921479896642268e-05,
      -4.41778392996639e-05,
      0.00023527939629275352,
      0.00013629299064632505,
      -0.00026997592067345977,
      -0.00026542990235611796,
      -0.00017690319509711117,
      0.00020605728786904365,
      5.1744660595431924e-05,
      -0.0001716587139526382,
      0.0002837787615135312,
      0.08620698004961014,
      0.0002655471907928586,
      0.03572164848446846,
      -0.00023992986825760454,
      -3.346893936395645e-05
    ],
    [
      8.060189429670572e-05,
      3.575409937184304e-05,
      -0.0003807778120972216,
      -0.00038534984923899174,
      0.00035400045453570783,
      0.0003503838088363409,
      0.00019668419554363936,
