{
  "feature_names_out": [
    "t",
    "v",
    "t^2",
    "t v",
    "v^2",
    "t^3",
    "t^2 v",
    "t v^2",
    "v^3",
    "t^4",
    "t^3 v",
    "t^2 v^2",
    "t v^3",
    "v^4",
    "t^5",
    "t^4 v",
    "t^3 v^2",
    "t^2 v^3",
    "t v^4",
    "v^5"
  ],
  "coefficients": [
    0.6187959313392639,
    0.3637301027774811,
    -0.003419117536395788,
    0.056013599038124084,
    0.004701235797256231,
    -0.0006960928440093994,
    -0.014695033431053162,
    0.00031904876232147217,
    -0.16370955109596252,
    0.0031454716809093952,
    0.002619110280647874,
    0.0010421858169138432,
    0.1466795653104782,
    0.34149283170700073,
    -0.0011295527219772339,
    0.01046902034431696,
    0.00701943039894104,
    0.003893484827131033,
    0.14190781116485596,
    0.4234377145767212
  ],
  "intercept": -3.025362005359966e-08
}