{
  "fc1.weight": [
    [
      -0.008821596391499043,
      -0.0002873173216357827
    ],
    [
      7.946675395942293e-06,
      1.0322768503101543e-05
    ],
    [
      0.14071452617645264,
      -0.7846381068229675
    ],
    [
      0.29861631989479065,
      0.015169198624789715
    ],
    [
      0.10550479590892792,
      0.7337736487388611
    ],
    [
      -4.932552110403776e-05,
      -0.0001117047286243178
    ],
    [
      -0.20419706404209137,
      -0.5796261429786682
    ],
    [
      -4.276735126040876e-06,
      -2.3502594558522105e-05
    ],
    [
      -0.60284423828125,
      0.036852072924375534
    ],
    [
      0.00014633769751526415,
      4.87060024170205e-05
    ],
    [
      0.06957323104143143,
      -0.0006335710640996695
    ],
    [
      -0.19339053332805634,
      -0.5995384454727173
    ],
    [
      0.33764904737472534,
      0.0016693295910954475
    ],
    [
      0.25102314352989197,
      -0.8734620213508606
    ],
    [
      -0.15443798899650574,
      -0.5109529495239258
    ],
    [
      0.3951217830181122,
      0.0003739656531251967
    ]
  ],
  "fc1.bias": [
    -6.204284727573395e-05,
    -3.6821060348302126e-05,
    1.5203371047973633,
    0.32489413022994995,
    -1.2381510734558105,
    -0.00019503547810018063,
    1.1065007448196411,
    -3.502165054669604e-05,
    0.8997855186462402,
    1.616161534911953e-05,
    0.4480486214160919,
    1.0244609117507935,
    0.40240901708602905,
    1.0847454071044922,
    1.0411627292633057,
    0.5433652997016907
  ],
  "fc2.weight": [
    [
      -3.401982394279912e-05,
      5.485036672325805e-05,
      -0.00012307368160691112,
      -0.0006378149846568704,
      -7.385663775494322e-05,
      -0.000274742633337155,
      0.00010120459774043411,
      8.758097465033643e-06,
      0.00024169626703951508,
      -0.00022150552831590176,
      -0.17253442108631134,
      0.00014515192015096545,
      -0.0006614275043830276,
      -0.00036654292489401996,
      8.876479842001572e-05,
      -0.0007483517983928323
    ],
    [
      1.2011174476356246e-05,
      -2.2833095499663614e-05,
      0.0699390098452568,
      0.1952371895313263,
      0.08154217153787613,
      7.153430487960577e-06,
      -0.1269552856683731,
      -5.988127668388188e-06,
      -0.010173112154006958,
      -3.0348048312589526e-05,
      0.00018804574210662395,
      -0.3210460841655731,
      0.03949291631579399,
      -0.03960404545068741,
      -0.024263054132461548,
      0.04555496573448181
    ],
    [
      3.504612686811015e-05,
      9.019555000122637e-05,
      0.09892528504133224,
      0.18575502932071686,
      0.00017124868463724852,
      -5.8277524658478796e-05,
      -0.0002704637008719146,
      -1.350775892206002e-05,
      -0.07413875311613083,
      0.00011363231169525534,
      7.668549369554967e-05,
      -0.23710928857326508,
      0.2079116702079773,
      8.104101289063692e-05,
      -0.020456118509173393,
      0.005221338011324406
    ],
    [
      5.800975486636162e-05,
      -0.00021291780285537243,
      -0.005315312650054693,
      -0.0032885842956602573,
      -7.85917800385505e-05,
      9.461941226618364e-05,
      0.00011219506268389523,
      2.6297375370631926e-05,
      0.0002567660412751138,
      -4.300240834709257e-05,
      -0.02781302109360695,
      0.00016365664487238973,
      -0.0005810962757095695,
      -0.0003548392851371318,
      0.0001017121467157267,
      -0.1018264964222908
    ],
    [
      -5.9453035646583885e-05,
      6.826257595093921e-05,
      0.028400128707289696,
      0.0007765918271616101,
      0.00011462310794740915,
      0.00035777571611106396,
      -0.00017232655955012888,
      -5.366544792195782e-05,
      -0.00030216609593480825,
      -0.00012117128062527627,
      7.050223939586431e-05,
      -0.00022476121375802904,
      0.04931611567735672,
      0.0003862595767714083,
      -0.00013443651550915092,
      0.1576092392206192
    ],
    [
      -0.00017744237266015261,
      5.2187639084877446e-05,
      -0.08457440137863159,
      -0.0005041436525061727,
      0.2745865285396576,
      0.00015848083421587944,
      -0.7072728276252747,
      2.979526834678836e-05,
      -0.00022347833146341145,
      0.00013652234338223934,
      -0.000480674731079489,
      -0.23890551924705505,
      -0.0004653348296415061,
      -0.2545666992664337,
      -0.32243433594703674,
      0.05473831295967102
    ],
    [
      -1.2755815987475216e-05,
      -8.633083780296147e-05,
      0.00010033518628915772,
      0.13942626118659973,
      0.011339756660163403,
      9.30107562453486e-05,
      -0.06294743716716766,
      3.2007894333219156e-05,
      -0.08778013288974762,
      -0.00011709745012922212,
      9.74060531007126e-05,
      -0.23037508130073547,
      0.11306153982877731,
      -0.0150555819272995,
      -0.009321783669292927,
      0.06403117626905441
    ],
    [
      8.873794286046177e-05,
      0.00017578367260284722,
      -0.30756744742393494,
      -0.0010382693726569414,
      -0.00030455010710284114,
      -0.000186334946192801,
      0.00031814671820029616,
      -3.015107176906895e-05,
      0.00026988927857019007,
      0.00020727032097056508,
      -1.7719605239108205e-05,
      0.00034462643088772893,
      -0.1082262471318245,
      -0.0003097966546192765,
      0.0002607766364235431,
      -0.28790897130966187
    ],
    [
      -6.445017061196268e-05,
      6.227055564522743e-05,
      0.22011969983577728,
      0.0007115897606126964,
      0.00010158529039472342,
      9.040273289429024e-05,
      -0.00016859984316397458,
      -4.0646278648637235e-05,
      -0.0002454032364767045,
      -0.00013125897385179996,
      0.018386956304311752,
      -0.00021914480021223426,
      0.0008213002583943307,
      0.00032534319325350225,
      -0.00015222937508951873,
      0.05270141735672951
    ],
    [
      7.339229341596365e-05,
      -6.209351704455912e-05,
      -0.00011441987589932978,
      -0.0005480014951899648,
      -0.1629762053489685,
      0.00012134344433434308,
      0.38173621892929077,
      -4.06061953981407e-05,
      0.00012130475079175085,
      -6.648217095062137e-06,
      -0.00013340829173102975,
      0.08566301316022873,
      -0.08058680593967438,
      -0.0003125494404230267,
      4.0739720134297386e-05,
      -0.000979080330580473
    ],
    [
      2.684482024051249e-05,
      1.6789232176961377e-05,
      0.00010911294521065429,
      0.0009386061574332416,
      0.2061910331249237,
      1.2642081856029108e-05,
      -0.00013844728528056294,
      1.0413467862235848e-05,
      -0.04502381756901741,
      0.00024580827448517084,
      0.02334987372159958,
      -0.0002020349638769403,
      0.0010702211875468493,
      0.00031165903783403337,
      -0.00011844097753055394,
      0.10212535411119461
    ],
    [
      8.28033807920292e-06,
      1.883215009002015e-05,
      -0.3809966444969177,
      0.001476083416491747,
      0.6924668550491333,
      3.295299393357709e-05,
      -0.986723005771637,
      6.759574171155691e-05,
      0.0009378199465572834,
      0.00020677321299444884,
      -4.2748528358060867e-05,
      -0.7977539896965027,
      0.012262738309800625,
      -0.6501670479774475,
      -0.20435091853141785,
      0.027649536728858948
    ],
    [
      0.024406565353274345,
      -0.0001352051622234285,
      5.0210543122375384e-05,
      -0.2661418318748474,
      -0.14757809042930603,
      -0.000151968197315,
      0.1385648250579834,
      2.0413330275914632e-05,
      0.43042492866516113,
      7.397144509013742e-05,
      -3.203906089765951e-06,
      9.901096927933395e-05,
      -0.20900852978229523,
      0.19405058026313782,
      5.681336187990382e-05,
      -0.011678625829517841
    ],
    [
      5.641816824208945e-05,
      -3.130693585262634e-06,
      1.3141227960586548,
      0.1534634679555893,
      -2.1401901245117188,
      -0.000274971011094749,
      1.877339243888855,
      8.408745088672731e-06,
