{
  "feature_names_out": [
    "t",
    "v",
    "t^2",
    "t v",
    "v^2",
    "t^3",
    "t^2 v",
    "t v^2",
    "v^3",
    "t^4",
    "t^3 v",
    "t^2 v^2",
    "t v^3",
    "v^4",
    "t^5",
    "t^4 v",
    "t^3 v^2",
    "t^2 v^3",
    "t v^4",
    "v^5"
  ],
  "coefficients": [
    0.6194994449615479,
    0.362929105758667,
    -0.004295255523175001,
    0.05613230913877487,
    0.004692619200795889,
    -0.0008653849363327026,
    -0.013457752764225006,
    -0.0008026212453842163,
    -0.1627124547958374,
    0.003802567720413208,
    0.0023137207608669996,
    0.0010611694306135178,
    0.14686690270900726,
    0.3414982259273529,
    -0.0015898793935775757,
    0.01007809117436409,
    0.0077614933252334595,
    0.0031657502986490726,
    0.14224614202976227,
    0.4231046438217163
  ],
  "intercept": 2.2094237550618345e-09
}