{
  "feature_names_out": [
    "omega",
    "omega^2",
    "omega^3",
    "omega^4",
    "omega^5"
  ],
  "coefficients": [
    0.8102419972419739,
    -0.13705995678901672,
    0.05837751924991608,
    -0.1154903993010521,
    0.11117152869701385
  ],
  "intercept": 1.0907689329542336e-07
}