{
  "feature_names_out": [
    "q1",
    "q2",
    "r",
    "q1^2",
    "q1 q2",
    "q1 r",
    "q2^2",
    "q2 r",
    "r^2",
    "q1^3",
    "q1^2 q2",
    "q1^2 r",
    "q1 q2^2",
    "q1 q2 r",
    "q1 r^2",
    "q2^3",
    "q2^2 r",
    "q2 r^2",
    "r^3",
    "q1^4",
    "q1^3 q2",
    "q1^3 r",
    "q1^2 q2^2",
    "q1^2 q2 r",
    "q1^2 r^2",
    "q1 q2^3",
    "q1 q2^2 r",
    "q1 q2 r^2",
    "q1 r^3",
    "q2^4",
    "q2^3 r",
    "q2^2 r^2",
    "q2 r^3",
    "r^4",
    "q1^5",
    "q1^4 q2",
    "q1^4 r",
    "q1^3 q2^2",
    "q1^3 q2 r",
    "q1^3 r^2",
    "q1^2 q2^3",
    "q1^2 q2^2 r",
    "q1^2 q2 r^2",
    "q1^2 r^3",
    "q1 q2^4",
    "q1 q2^3 r",
    "q1 q2^2 r^2",
    "q1 q2 r^3",
    "q1 r^4",
    "q2^5",
    "q2^4 r",
    "q2^3 r^2",
    "q2^2 r^3",
    "q2 r^4",
    "r^5"
  ],
  "coefficients": [
    0.14853540062904358,
    0.15307243168354034,
    -0.2737075686454773,
    0.007238537073135376,
    0.05304427444934845,
    -0.05286969244480133,
    -0.00017470121383666992,
    -0.04492253065109253,
    -0.002356644719839096,
    0.013622444123029709,
    0.011744648218154907,
    -0.022026393562555313,
    0.006263360381126404,
    -0.032022491097450256,
    0.016066469252109528,
    0.008463993668556213,
    0.0036243200302124023,
    0.0013211444020271301,
    0.084111787378788,
    -0.005160719156265259,
    -0.003453413490206003,
    0.00539841502904892,
    -0.0011530928313732147,
    0.00030534714460372925,
    -0.0020928233861923218,
    -0.000596960075199604,
    -0.0009764692513272166,
    0.14370866119861603,
    -0.25410112738609314,
    -0.0010637417435646057,
    -5.385279655456543e-05,
    0.0044550299644470215,
    -0.2631169259548187,
    0.3665289580821991,
    -0.006586432456970215,
    -0.00791729986667633,
    0.012191995978355408,
    -0.0016127079725265503,
    0.005568929016590118,
    -0.009940208867192268,
    -0.0015145614743232727,
    0.002621117979288101,
    -0.004386707209050655,
    0.006889715790748596,
    -0.0035398779436945915,
    -0.0004076920449733734,
    -0.0006131529808044434,
    -0.1287720948457718,
    0.2280392050743103,
    -0.005906523671001196,
    -0.0012837201356887817,
    -0.00020848214626312256,
    -0.0055499617010355,
    0.23865291476249695,
    -0.41266772150993347
  ],
  "intercept": 2.3329761233981117e-08
}