{
  "feature_names_out": [
    "n",
    "T",
    "V",
    "n^2",
    "n T",
    "n V",
    "T^2",
    "T V",
    "V^2",
    "n^3",
    "n^2 T",
    "n^2 V",
    "n T^2",
    "n T V",
    "n V^2",
    "T^3",
    "T^2 V",
    "T V^2",
    "V^3",
    "n^4",
    "n^3 T",
    "n^3 V",
    "n^2 T^2",
    "n^2 T V",
    "n^2 V^2",
    "n T^3",
    "n T^2 V",
    "n T V^2",
    "n V^3",
    "T^4",
    "T^3 V",
    "T^2 V^2",
    "T V^3",
    "V^4",
    "n^5",
    "n^4 T",
    "n^4 V",
    "n^3 T^2",
    "n^3 T V",
    "n^3 V^2",
    "n^2 T^3",
    "n^2 T^2 V",
    "n^2 T V^2",
    "n^2 V^3",
    "n T^4",
    "n T^3 V",
    "n T^2 V^2",
    "n T V^3",
    "n V^4",
    "T^5",
    "T^4 V",
    "T^3 V^2",
    "T^2 V^3",
    "T V^4",
    "V^5"
  ],
  "coefficients": [
    0.44224342703819275,
    0.4384925067424774,
    -0.4417170286178589,
    7.201731204986572e-05,
    0.15084308385849,
    -0.14466744661331177,
    5.586445331573486e-05,
    -0.14360657334327698,
    0.1212272197008133,
    0.0008656051941215992,
    0.001259349286556244,
    -0.0009248405694961548,
    0.0002560913562774658,
    -0.05051717534661293,
    0.06373703479766846,
    -0.0003709867596626282,
    -0.0006935745477676392,
    0.0623805969953537,
    -0.08378127217292786,
    -3.097951412200928e-05,
    -7.897615432739258e-07,
    6.391014903783798e-05,
    -0.0001255422830581665,
    -3.317743539810181e-05,
    0.00011325255036354065,
    -3.880634903907776e-05,
    -0.00022651255130767822,
    0.03582456707954407,
    -0.05795837566256523,
    8.767470717430115e-05,
    -0.0002200435847043991,
    -5.5029988288879395e-05,
    -0.057791441679000854,
    0.07920832931995392,
    -7.759034633636475e-05,
    -0.0006250627338886261,
    0.00034621357917785645,
    -0.0005806535482406616,
    0.00038051605224609375,
    -0.0004823058843612671,
    -0.0005851835012435913,
    0.0005086511373519897,
    -0.0001650676131248474,
    0.0002853572368621826,
    0.0004145875573158264,
    -7.18235969543457e-06,
    -9.392201900482178e-05,
    -0.02028503641486168,
    0.0342039093375206,
    0.0006967484951019287,
    -3.2549723982810974e-05,
    -0.00018065795302391052,
    0.0003204531967639923,
    0.034973032772541046,
    -0.06056477129459381
  ],
  "intercept": -3.7496711513540504e-08
}