{
  "feature_names_out": [
    "r",
    "r^2",
    "r^3",
    "r^4",
    "r^5"
  ],
  "coefficients": [
    1.0186023712158203,
    0.12167425453662872,
    -0.021406784653663635,
    0.009911829605698586,
    -0.007007971405982971
  ],
  "intercept": -8.248457561421674e-08
}