{
  "feature_names_out": [
    "r",
    "r^2",
    "r^3",
    "r^4",
    "r^5"
  ],
  "coefficients": [
    1.0185483694076538,
    0.1217825710773468,
    -0.020215757191181183,
    0.009690171107649803,
    -0.008325912058353424
  ],
  "intercept": 5.485331300292273e-08
}