{
  "feature_names_out": [
    "r",
    "r^2",
    "r^3",
    "r^4",
    "r^5"
  ],
  "coefficients": [
    1.0135729312896729,
    0.11486471444368362,
    -0.019793860614299774,
    0.01519100647419691,
    -0.008563913404941559
  ],
  "intercept": -2.1335306854552982e-08
}