{
  "feature_names_out": [
    "k",
    "t",
    "k^2",
    "k t",
    "t^2",
    "k^3",
    "k^2 t",
    "k t^2",
    "t^3",
    "k^4",
    "k^3 t",
    "k^2 t^2",
    "k t^3",
    "t^4",
    "k^5",
    "k^4 t",
    "k^3 t^2",
    "k^2 t^3",
    "k t^4",
    "t^5"
  ],
  "coefficients": [
    -0.5700190663337708,
    -0.6409894824028015,
    0.18656021356582642,
    0.19479943811893463,
    0.23489762842655182,
    -0.1018330454826355,
    0.08738921582698822,
    0.09382641315460205,
    -0.14762303233146667,
    0.048637911677360535,
    -0.10649364441633224,
    -0.05932419374585152,
    -0.1507391333580017,
    0.07566092908382416,
    -0.024668633937835693,
    0.05876420810818672,
    -0.007423073053359985,
    -0.013058115728199482,
    0.08417797088623047,
    -0.03715305030345917
  ],
  "intercept": 5.801371116831433e-08
}