{
  "feature_names_out": [
    "k",
    "t",
    "k^2",
    "k t",
    "t^2",
    "k^3",
    "k^2 t",
    "k t^2",
    "t^3",
    "k^4",
    "k^3 t",
    "k^2 t^2",
    "k t^3",
    "t^4",
    "k^5",
    "k^4 t",
    "k^3 t^2",
    "k^2 t^3",
    "k t^4",
    "t^5"
  ],
  "coefficients": [
    -0.573172390460968,
    -0.6388462781906128,
    0.19373735785484314,
    0.20138047635555267,
    0.23629270493984222,
    -0.0974276065826416,
    0.08883663266897202,
    0.0888521671295166,
    -0.15148793160915375,
    0.039158664643764496,
    -0.11020126193761826,
    -0.059295106679201126,
    -0.1531362235546112,
    0.07110501825809479,
    -0.019060254096984863,
    0.05482330918312073,
    -0.013289690017700195,
    -0.01010708324611187,
    0.09092345833778381,
    -0.03279160335659981
  ],
  "intercept": -7.474483965097534e-08
}