{
  "feature_names_out": [
    "x",
    "x^2",
    "x^3",
    "x^4",
    "x^5"
  ],
  "coefficients": [
    -0.9976202845573425,
    -0.003953116945922375,
    0.007770443335175514,
    0.004930686205625534,
    -0.005387231707572937
  ],
  "intercept": 2.307269930668099e-09
}