{
  "feature_names_out": [
    "v0",
    "theta",
    "v0^2",
    "v0 theta",
    "theta^2",
    "v0^3",
    "v0^2 theta",
    "v0 theta^2",
    "theta^3",
    "v0^4",
    "v0^3 theta",
    "v0^2 theta^2",
    "v0 theta^3",
    "theta^4",
    "v0^5",
    "v0^4 theta",
    "v0^3 theta^2",
    "v0^2 theta^3",
    "v0 theta^4",
    "theta^5"
  ],
  "coefficients": [
    1.1829251050949097,
    0.0021477192640304565,
    0.21462659537792206,
    0.0015835900558158755,
    -0.40568146109580994,
    -1.255422830581665e-05,
    0.00034568761475384235,
    -0.49271640181541443,
    -0.0016048375982791185,
    0.00010952616867143661,
    1.1200463632121682e-05,
    -0.09910279512405396,
    -0.0005247818771749735,
    0.06000298261642456,
    -0.00041700899600982666,
    -0.00022469926625490189,
    0.0004789978265762329,
    0.0006596629973500967,
    0.05422837287187576,
    1.096329651772976e-05
  ],
  "intercept": -2.6784269024915375e-08
}