{
  "feature_names_out": [
    "v0",
    "theta",
    "v0^2",
    "v0 theta",
    "theta^2",
    "v0^3",
    "v0^2 theta",
    "v0 theta^2",
    "theta^3",
    "v0^4",
    "v0^3 theta",
    "v0^2 theta^2",
    "v0 theta^3",
    "theta^4",
    "v0^5",
    "v0^4 theta",
    "v0^3 theta^2",
    "v0^2 theta^3",
    "v0 theta^4",
    "theta^5"
  ],
  "coefficients": [
    1.1822303533554077,
    0.0017649680376052856,
    0.2150963991880417,
    0.0011873252224177122,
    -0.4053255021572113,
    5.815178155899048e-05,
    0.00014233379624783993,
    -0.4910699129104614,
    -0.00047177006490528584,
    3.5231118090450764e-05,
    0.00017559915431775153,
    -0.09946640580892563,
    -0.00024990312522277236,
    0.05971696227788925,
    -0.00014231353998184204,
    -1.232372596859932e-05,
    0.00033189356327056885,
    0.00030038412660360336,
    0.052978403866291046,
    -0.00013570417650043964
  ],
  "intercept": 4.7463391439350744e-08
}