{
  "feature_names_out": [
    "lambd",
    "t",
    "lambd^2",
    "lambd t",
    "t^2",
    "lambd^3",
    "lambd^2 t",
    "lambd t^2",
    "t^3",
    "lambd^4",
    "lambd^3 t",
    "lambd^2 t^2",
    "lambd t^3",
    "t^4",
    "lambd^5",
    "lambd^4 t",
    "lambd^3 t^2",
    "lambd^2 t^3",
    "lambd t^4",
    "t^5"
  ],
  "coefficients": [
    -0.5763458609580994,
    -0.6402462720870972,
    0.1927281618118286,
    0.19409117102622986,
    0.2319510579109192,
    -0.10890978574752808,
    0.08751606941223145,
    0.09448620676994324,
    -0.1460946947336197,
    0.04963798448443413,
    -0.10900995135307312,
    -0.05944674462080002,
    -0.14827267825603485,
    0.07421845942735672,
    -0.022303611040115356,
    0.06216598302125931,
    -0.009391158819198608,
    -0.012719351798295975,
    0.0832705944776535,
    -0.03593190014362335
  ],
  "intercept": -1.649189229624426e-08
}