{
  "feature_names_out": [
    "lambd",
    "t",
    "lambd^2",
    "lambd t",
    "t^2",
    "lambd^3",
    "lambd^2 t",
    "lambd t^2",
    "t^3",
    "lambd^4",
    "lambd^3 t",
    "lambd^2 t^2",
    "lambd t^3",
    "t^4",
    "lambd^5",
    "lambd^4 t",
    "lambd^3 t^2",
    "lambd^2 t^3",
    "lambd t^4",
    "t^5"
  ],
  "coefficients": [
    -0.5755797624588013,
    -0.6400912404060364,
    0.1931857466697693,
    0.19430404901504517,
    0.23224255442619324,
    -0.10976192355155945,
    0.08737137913703918,
    0.09424641728401184,
    -0.1468295156955719,
    0.04926445335149765,
    -0.10922683775424957,
    -0.05937299132347107,
    -0.14813511073589325,
    0.07399433851242065,
    -0.021886318922042847,
    0.06250111758708954,
    -0.009744107723236084,
    -0.012965487316250801,
    0.08370532095432281,
    -0.03518977761268616
  ],
  "intercept": 3.372684886926436e-08
}