{
  "feature_names_out": [
    "t",
    "v",
    "t^2",
    "t v",
    "v^2",
    "t^3",
    "t^2 v",
    "t v^2",
    "v^3",
    "t^4",
    "t^3 v",
    "t^2 v^2",
    "t v^3",
    "v^4",
    "t^5",
    "t^4 v",
    "t^3 v^2",
    "t^2 v^3",
    "t v^4",
    "v^5"
  ],
  "coefficients": [
    0.6112751960754395,
    0.3716074526309967,
    -0.007949352264404297,
    0.055154915899038315,
    0.0032316697761416435,
    0.0189896821975708,
    -0.027122896164655685,
    0.0024232566356658936,
    -0.17907340824604034,
    0.005201387219130993,
    0.0007836325094103813,
    0.0036761160008609295,
    0.14967964589595795,
    0.3402498960494995,
    -0.015083327889442444,
    0.014601320028305054,
    0.004571065306663513,
    0.010615402832627296,
    0.1389831304550171,
    0.4289730191230774
  ],
  "intercept": 1.8902591492064857e-08
}