{
  "fc1.weight": [
    [
      -0.21994750201702118,
      0.36097922921180725,
      0.7772959470748901
    ],
    [
      -0.15118731558322906,
      0.08258499950170517,
      0.6237940192222595
    ],
    [
      -0.23773576319217682,
      -0.2524459958076477,
      0.47422683238983154
    ],
    [
      0.00012305508425924927,
      0.029848285019397736,
      -0.4261351227760315
    ],
    [
      -0.2940307855606079,
      0.3376845121383667,
      0.02483176812529564
    ],
    [
      -0.14806941151618958,
      -0.2885914742946625,
      0.16522981226444244
    ],
    [
      0.33600905537605286,
      -0.31148430705070496,
      0.16388113796710968
    ],
    [
      0.43109846115112305,
      -0.23612824082374573,
      -0.3437216579914093
    ],
    [
      -0.3678377568721771,
      -0.5479846000671387,
      0.06207446753978729
    ],
    [
      -0.18944565951824188,
      0.10523095726966858,
      -0.4658876061439514
    ],
    [
      -0.14661195874214172,
      -0.16272199153900146,
      0.44227883219718933
    ],
    [
      4.8860994866117835e-05,
      0.000126251281471923,
      -3.3126816560979933e-06
    ],
    [
      -0.20241641998291016,
      -0.18528710305690765,
      0.6108995676040649
    ],
    [
      -0.44998276233673096,
      -0.034181859344244,
      -0.7620149850845337
    ],
    [
      -0.2579633295536041,
      0.27946898341178894,
      -0.5081149935722351
    ],
    [
      0.005769170355051756,
      0.1057455763220787,
      0.641287624835968
    ]
  ],
  "fc1.bias": [
    0.9042112827301025,
    0.9965524673461914,
    1.3573741912841797,
    -0.8582957983016968,
    0.9174716472625732,
    0.5652100443840027,
    1.3075157403945923,
    0.1252114623785019,
    -0.13417665660381317,
    -1.407078742980957,
    0.9657302498817444,
    9.570910333422944e-05,
    1.448198676109314,
    -0.6126053333282471,
    -0.41711997985839844,
    1.3041527271270752
  ],
  "fc2.weight": [
    [
      0.44052401185035706,
      0.37910470366477966,
      0.4521654546260834,
      0.0008820798830129206,
      -0.0013984028482809663,
      0.20718291401863098,
      -0.028295882046222687,
      -0.17151406407356262,
      0.30724701285362244,
      0.00025345274480059743,
      0.6351361274719238,
      3.263317921664566e-06,
      0.5971277952194214,
      -0.3190547823905945,
      -0.4995150566101074,
      -0.0007396098226308823
    ],
    [
      -0.0002396435011178255,
      -8.891889592632651e-06,
      -0.00017884609405882657,
      6.34854040981736e-06,
      -0.0006616628379561007,
      0.0005559126730076969,
      -0.6745651960372925,
      -0.00045485893497243524,
      0.000695517344865948,
      0.7633435130119324,
      0.0001673597435001284,
      -0.00015365495346486568,
      -0.00017041692626662552,
      -0.0011189867509528995,
      -0.0009409646736457944,
      -0.27064499258995056
    ],
    [
      -0.10133526474237442,
      -0.26952633261680603,
      -0.4778086841106415,
      0.0003104940406046808,
      0.0659298375248909,
      -0.02520805038511753,
      0.001075505861081183,
      0.2837693989276886,
      -0.22667087614536285,
      -0.0009359099203720689,
      -0.21108278632164001,
      9.775986836757511e-05,
      -0.2902853488922119,
      0.020747827365994453,
      0.1427822858095169,
      -0.01490316353738308
    ],
    [
      0.0005707938689738512,
      0.0010000880574807525,
      0.021018603816628456,
      -0.000516111496835947,
      -0.11928822100162506,
      0.3169919550418854,
      -0.05120757222175598,
      -0.20435543358325958,
      0.13022267818450928,
      0.00019531029101926833,
      0.38597652316093445,
      -0.00015492449165321887,
      0.3157714605331421,
      -0.039545733481645584,
      -0.27936211228370667,
      -3.1061113077157643e-06
    ],
    [
      -0.6178516149520874,
      -0.02048531547188759,
      -0.6496171951293945,
      -0.0009245097753591835,
      0.016399411484599113,
      -0.0005288479151204228,
      0.0008574438979849219,
      0.0008451910107396543,
      -0.16771672666072845,
      -0.00045401486568152905,
      -0.38432949781417847,
      8.616042759967968e-05,
      -0.802683413028717,
      0.39178594946861267,
      0.40609824657440186,
      -0.08072318881750107
    ],
    [
      0.00020725431386381388,
      -1.2634754966711625e-05,
      2.353202216909267e-05,
      3.532447954057716e-05,
      0.0006636021425947547,
      -0.0005271110567264259,
      0.6190185546875,
      0.0006074649281799793,
      -0.0007161450921557844,
      -0.715320885181427,
      -0.00020541326375678182,
      5.465291906148195e-06,
      4.892636934528127e-05,
      0.0012355722719803452,
      0.0008649841183796525,
      0.21205218136310577
    ],
    [
      0.0004406190710142255,
      -2.9126601930329343e-06,
      -0.00014529938925988972,
      4.0147155232261866e-05,
      0.23734836280345917,
      -0.00038658129051327705,
      0.43759116530418396,
      0.0005994282546453178,
      -0.00042369007132947445,
      -0.21625792980194092,
      -0.0003159913176205009,
      -0.00010745533654699102,
      -0.00012345556751824915,
      0.0005419246735982597,
      0.000853939913213253,
      0.5431174039840698
    ],
    [
      -0.000301319727441296,
      3.827863110927865e-05,
      7.384539640042931e-05,
      -8.263399649877101e-05,
      -0.09190292656421661,
      0.00048748054541647434,
      -0.5184938907623291,
      -0.0005105215823277831,
      0.0003791857452597469,
      0.6493108868598938,
      0.00025277468375861645,
      -0.00018344658019486815,
      0.00010226177255390212,
      -0.001116658328101039,
      -0.0009912746027112007,
      -0.08833953738212585
    ],
    [
      -0.44197794795036316,
      -0.7697131037712097,
      -0.9917148947715759,
      0.923748791217804,
      -0.010493255220353603,
      0.00048326182877644897,
      -0.09675702452659607,
      -0.0007493788143619895,
      0.08932073414325714,
      0.16596437990665436,
      -0.8373098373413086,
      -7.435736188199371e-05,
      -1.7949707508087158,
      0.41642141342163086,
      0.5424354076385498,
      -0.7006504535675049
    ],
    [
      -0.0004813486593775451,
      7.069793355185539e-05,
      0.00016994113684631884,
      -0.00013407178630586714,
      -0.12935049831867218,
      0.0004386500222608447,
      -0.43294140696525574,
      -0.0005021026590839028,
      -0.00011232079123146832,
      0.38538020849227905,
      0.00032973289489746094,
      -1.3160897651687264e-06,
      0.0001296284463023767,
      -0.0009403432486578822,
      -0.0009211975848302245,
      -0.17873647809028625
    ],
    [
      0.6045333743095398,
      0.7216701507568359,
      0.9571380019187927,
      -0.3668839931488037,
      -0.00037951910053379834,
      0.11482877284288406,
      0.08065195381641388,
      -0.17452207207679749,
      2.3306394723476842e-05,
      -0.390276163816452,
      0.5606738328933716,
      -0.0002481772971805185,
      1.2953331470489502,
      -0.8193082213401794,
      -0.4325493276119232,
      0.44379985332489014
    ],
    [
      0.9653506278991699,
      0.7339808940887451,
      0.9073017239570618,
      -0.8552871942520142,
      0.1084350198507309,
      -0.0006432385416701436,
      0.18675309419631958,
      0.000702272227499634,
      -0.03403547778725624,
      -0.39093756675720215,
      1.176207184791565,
      -8.681751933181658e-05,
      1.775469183921814,
      -0.9466450810432434,
      -0.6387760639190674,
      0.6087114214897156
    ],
    [
      -0.0005549062043428421,
      2.8852911782450974e-05,
      0.00015557915321551263,
      0.05860443785786629,
