{
  "fc1.weight": [
    [
      2.7084373869001865e-05,
      5.594157846644521e-05,
      8.466289727948606e-05
    ],
    [
      0.02515982836484909,
      -0.25097522139549255,
      0.7344764471054077
    ],
    [
      0.5129691362380981,
      0.13548482954502106,
      -0.20285776257514954
    ],
    [
      0.19570490717887878,
      0.23641526699066162,
      -0.35078585147857666
    ],
    [
      0.00024211357231251895,
      -1.083617826225236e-05,
      0.00013979687355458736
    ],
    [
      0.31877100467681885,
      1.838328898884356e-05,
      3.087911318289116e-05
    ],
    [
      -0.11094369739294052,
      0.05598559230566025,
      0.6287366151809692
    ],
    [
      -1.2617220818356145e-05,
      1.764129956427496e-05,
      5.076969500805717e-06
    ],
    [
      0.00014534013462252915,
      -0.00013718978152610362,
      -9.992480045184493e-06
    ],
    [
      -0.21147894859313965,
      0.36087125539779663,
      0.08535276353359222
    ],
    [
      0.00018580134201329201,
      -0.0009286783169955015,
      -0.0008523108554072678
    ],
    [
      -0.399080753326416,
      0.16852843761444092,
      -0.01909618265926838
    ],
    [
      -0.00017023472173605114,
      -0.4557953178882599,
      0.21629315614700317
    ],
    [
      0.00015129463281482458,
      -9.224428140441887e-06,
      9.224410314345732e-05
    ],
    [
      -0.22037486732006073,
      0.34851548075675964,
      0.330363392829895
    ],
    [
      -0.3163986802101135,
      -0.19100835919380188,
      0.17898021638393402
    ]
  ],
  "fc1.bias": [
    -0.0005229269154369831,
    1.2271267175674438,
    0.0005796349723823369,
    -0.8189441561698914,
    8.878169319359586e-05,
    0.4751047194004059,
    1.0599654912948608,
    0.007492158096283674,
    -0.00020677997963503003,
    1.1621345281600952,
    -0.7051541805267334,
    -0.6700223088264465,
    -0.0003613254812080413,
    -0.00013577233767136931,
    0.06875353306531906,
    0.8649552464485168
  ],
  "fc2.weight": [
    [
      -0.00019990411237813532,
      -0.18237172067165375,
      0.2587985098361969,
      0.3790915310382843,
      -0.00011226485366933048,
      0.0004120522935409099,
      0.00025849021039903164,
      4.824121788260527e-06,
      8.709084067959338e-05,
      0.027968814596533775,
      -0.00011136690591229126,
      -0.0003726408467628062,
      -0.14382804930210114,
      0.00010272400686517358,
      0.00013008905807510018,
      -3.6894751247018576e-05
    ],
    [
      0.00011098964023403823,
      0.7719550132751465,
      -0.0435425229370594,
      -0.3821708559989929,
      0.00012219528434798121,
      -0.0006456730188801885,
      0.14317673444747925,
      -3.343437856528908e-05,
      0.00018008054757956415,
      -0.0002757468610070646,
      -0.0005847035208716989,
      0.10270228236913681,
      0.10707814991474152,
      0.00014929560711607337,
      0.5244002938270569,
      0.4649481773376465
    ],
    [
      0.0005055157816968858,
      -0.24572299420833588,
      0.0009832631330937147,
      0.4784053564071655,
      2.4895300157368183e-05,
      0.00039335835026577115,
      0.00017243341426365077,
      0.00010413670679554343,
      -0.00018008702318184078,
      0.0007312956149689853,
      2.1285175535012968e-05,
      -0.005690174177289009,
      -0.006407016888260841,
      -0.0001681828434811905,
      0.00022345971956383437,
      -0.7182228565216064
    ],
    [
      -0.00019810613594017923,
      0.0001571094908285886,
      0.0008261098992079496,
      0.00021367004956118762,
      -0.00016076117753982544,
      0.0002929175680037588,
      -2.1512809325940907e-05,
      -7.077085683704354e-06,
      8.798662747722119e-05,
      0.34470227360725403,
      -4.582833935273811e-05,
      -0.0001350593229290098,
      -0.0010235764784738421,
      0.00013091298751533031,
      -0.0002695006551221013,
      -0.00025190028827637434
    ],
    [
      -8.671281830174848e-05,
      -8.410753798671067e-05,
      0.0003916725981980562,
      0.13303223252296448,
      -0.00010246936290059239,
      0.00018957948486786336,
      -4.913341399515048e-05,
      -1.2123746273573488e-06,
      0.00010882127389777452,
      -2.8129215934313834e-07,
      3.6016281228512526e-05,
      -0.00011056882794946432,
      -0.0005764109082520008,
      2.8066955565009266e-05,
      0.00026315180002711713,
      -3.3797972719185054e-05
    ],
    [
      -0.00019466402591206133,
      0.00016501429490745068,
      0.000902552274055779,
      0.0002035728975897655,
      4.907071343041025e-05,
      0.0003330470353830606,
      -3.193388693034649e-05,
      -7.302641733986093e-06,
      -0.00011288915993645787,
      0.22649452090263367,
      -5.424441769719124e-05,
      -0.00014221473247744143,
      -0.0010904036462306976,
      0.00010212764027528465,
      -0.00035599106922745705,
      -0.0002380704099778086
    ],
    [
      9.824943845160306e-07,
      -0.4863068759441376,
      -0.0013375348644331098,
      -0.0002689087705221027,
      -0.0001755457924446091,
      -0.4384877383708954,
      -8.682427142048255e-05,
      8.564598829252645e-06,
      -0.00018745713168755174,
      -0.0005061948904767632,
      0.024892857298254967,
      0.7622783780097961,
      0.00017798728367779404,
      -0.00015923452156130224,
      0.0005863379337824881,
      0.0003040158480871469
    ],
    [
      0.00016920642519835383,
      -1.5118427276611328,
      0.00047999329399317503,
      0.5690986514091492,
      2.4108172510750592e-05,
      0.0007978739449754357,
      -1.6928653717041016,
      4.287517731427215e-05,
      -6.267314165597782e-05,
      0.000976906274445355,
      0.3557233214378357,
      -0.0011481452966108918,
      -1.2206692190375179e-05,
      0.00012036167026963085,
      -0.03718521073460579,
      -0.8475354909896851
    ],
    [
      0.00013166546705178916,
      -0.0001466364919906482,
      -0.0008329129195772111,
      -0.00020537184900604188,
      8.339394844369963e-05,
      -0.0002927681780420244,
      1.669042103458196e-05,
      1.6811773093650118e-06,
      -0.00013260720879770815,
      -0.4891462028026581,
      4.0818427805788815e-05,
      0.00013063997903373092,
      0.0010304427705705166,
      0.0002046261797659099,
      0.00035780397593043745,
      0.0002433479530736804
    ],
    [
      -0.00015570934920106083,
      -0.25899016857147217,
      0.2105254828929901,
      0.17441892623901367,
      9.685565601103008e-05,
      0.0004167103033978492,
      0.0003515669086482376,
      -4.787197212863248e-06,
      -0.0002757167094387114,
      0.0005741078639402986,
      -0.00012930856610182673,
      -0.0003768644528463483,
      -0.22041893005371094,
      0.0001254250091733411,
      -0.13492588698863983,
      -0.20037706196308136
    ],
    [
      0.00023039631196297705,
      -0.00011613930109888315,
      -0.3053661584854126,
      -0.00013638287782669067,
      3.186023241141811e-05,
      -0.00028380457661114633,
      -9.74693102762103e-06,
      -2.8308086257311516e-06,
      -0.00013772546662949026,
      -0.06800388544797897,
      0.06917192786931992,
      0.00025288370670750737,
      0.14627733826637268,
      0.00013065911480225623,
      0.00032245967304334044,
      0.00019643615814857185
    ],
    [
      1.7096597730414942e-05,
      -0.00010778557043522596,
      -0.0523412749171257,
      -0.10079014301300049,
      0.00011582593288039789,
      -0.000303644104860723,
      -0.11320182681083679,
      -7.756762897770386e-06,
      -0.0002021857799263671,
      -0.352422833442688,
      0.301937997341156,
      0.00012239643547218293,
