{
  "fc1.weight": [
    [
      0.00018612894928082824
    ],
    [
      0.00015861535212025046
    ],
    [
      7.078939233906567e-05
    ],
    [
      0.26274755597114563
    ],
    [
      -0.00023427116684615612
    ],
    [
      -0.2202005535364151
    ],
    [
      -0.2750951945781708
    ],
    [
      -9.77663294179365e-05
    ],
    [
      -1.0764932085294276e-05
    ],
    [
      0.00023777587921358645
    ],
    [
      -0.000132315035443753
    ],
    [
      2.710913395276293e-05
    ],
    [
      -0.00026092896587215364
    ],
    [
      -0.00026009450084529817
    ],
    [
      -1.3530880096368492e-06
    ],
    [
      -3.6109158827457577e-06
    ]
  ],
  "fc1.bias": [
    -5.515765224117786e-06,
    8.642450120532885e-05,
    5.4268326493911445e-05,
    -9.394639346282929e-05,
    0.00013981947267893702,
    0.0006060368032194674,
    -0.001531238085590303,
    1.6700549167580903e-05,
    -0.00013664881407748908,
    0.00038222281727939844,
    -0.00017776664753910154,
    9.761420369613916e-05,
    5.0100614316761494e-05,
    -4.777744470629841e-05,
    9.474540274823084e-05,
    9.681946539785713e-05
  ],
  "fc2.weight": [
    [
      -0.00023776592570357025,
      0.00010808229853864759,
      6.218447379069403e-05,
      -2.7813795895781368e-05,
      0.0002640378079377115,
      -8.183134923456237e-05,
      0.0001216986493091099,
      -0.00011084404832217842,
      6.707821739837527e-05,
      0.00014191691298037767,
      6.0826874687336385e-05,
      3.1330710044130683e-06,
      -0.00013621571997646242,
      1.6440444596810266e-06,
      0.0002675286086741835,
      0.0004544846888165921
    ],
    [
      3.863115125568584e-06,
      0.0001546157873235643,
      0.00018426112364977598,
      -0.00018296446069143713,
      0.00020426412811502814,
      -8.02781869424507e-07,
      8.649173105368391e-05,
      1.9491402781568468e-05,
      -9.468779899179935e-05,
      -0.00017761444905772805,
      -3.2113697670865804e-05,
      0.00016075800522230566,
      -6.923492037458345e-05,
      1.5812845958862454e-05,
      0.00018446214380674064,
      0.00020267919171601534
    ],
    [
      1.6245590813923627e-05,
      0.0002545024617575109,
      -2.343760570511222e-05,
      -0.00019196781795471907,
      5.0721435400191694e-05,
      1.1306139640510082e-05,
      -2.2323336452245712e-05,
      -7.297785487025976e-05,
      0.00011306314263492823,
      -8.783754310570657e-05,
      0.00018242880469188094,
      -0.0001255638781003654,
      8.291055564768612e-06,
      -0.00011296548473183066,
      0.00022383182658813894,
      0.00043375795939937234
    ],
    [
      -2.6004410756286234e-05,
      -5.655735731124878e-05,
      -1.3888056855648756e-05,
      6.087550355005078e-05,
      -6.549133831867948e-05,
      -0.001526638981886208,
      9.274989133700728e-05,
      0.00012052183592459187,
      9.140132897300646e-05,
      -1.4342585927806795e-06,
      -7.09860396455042e-05,
      -6.496170499303844e-06,
      4.510435974225402e-05,
      4.9655191105557606e-05,
      -6.123518687672913e-06,
      3.0338371288962662e-05
    ],
    [
      -0.0003812816576100886,
      -0.00026043030084110796,
      2.0369661797303706e-05,
      0.23939934372901917,
      0.00013083763769827783,
      -0.21255464851856232,
      -0.4976092576980591,
      -0.00012154786236351356,
      0.0001579222735017538,
      6.470251537393779e-05,
      -8.400138176511973e-05,
      -5.772495933342725e-05,
      -5.2668772696051747e-05,
      2.2893655113875866e-05,
      -0.00012656940089073032,
      -0.0001440657360944897
    ],
    [
      4.079378049937077e-05,
      -3.393110091565177e-05,
      8.331372373504564e-05,
      -9.624943049857393e-05,
      -4.1491875890642405e-07,
      -0.00012442705337889493,
      -7.585021376144141e-05,
      -0.00012391606287565082,
      -2.5527479010634124e-05,
      9.721584501676261e-05,
      4.498938506003469e-05,
      -0.00010462283535161987,
      6.475950794992968e-05,
      4.418943717610091e-05,
      -7.589429878862575e-05,
      -0.00019952459842897952
    ],
    [
      -1.4523102436214685e-06,
      0.0001469527487643063,
      0.00013435850269161165,
      0.32015302777290344,
      -1.5201105270534754e-05,
      -0.05374809727072716,
      -0.566027820110321,
      -0.00012194736336823553,
      0.000204619558644481,
      0.0002612110984046012,
      -3.946614742744714e-05,
      -0.00017688886146061122,
      0.00010149863373953849,
      -5.7772576838033274e-05,
      9.46965446928516e-05,
      0.00016107928240671754
    ],
    [
      3.787820241996087e-05,
      2.6101479306817055e-05,
      -3.2391872082371265e-05,
      -0.00022555608302354813,
      -1.2130083632655442e-05,
      8.216767309932038e-05,
      -0.0002425948332529515,
      -0.0001740963925840333,
      -6.317882071016356e-05,
      -3.8248414057306945e-05,
      -2.5788442144403234e-05,
      0.00023353446158580482,
      -0.00012617954052984715,
      -0.0001100561348721385,
      -0.00026879808865487576,
      -1.993485784623772e-05
    ],
    [
      7.109784928616136e-05,
      -1.623874413780868e-05,
      -6.117699376773089e-05,
      -0.00023105242871679366,
      7.827078661648557e-05,
      1.2287171557545662e-05,
      -7.871769776102155e-05,
      -5.4763746447861195e-05,
      7.852641283534467e-05,
      -0.00013374054105952382,
      9.507739741820842e-05,
      0.00023286615032702684,
      -5.965179298073053e-06,
      0.00012093222176190466,
      0.00014749648107681423,
      -0.00024051967193372548
    ],
    [
      0.00017063321138266474,
      -2.7545160264708102e-05,
      -2.3302323825191706e-05,
      -0.00013387718354351819,
      0.0002733663422986865,
      0.00011197858111700043,
      -0.00012998742749914527,
      -0.0001240957499248907,
      -1.8143335182685405e-05,
      4.947890556650236e-05,
      -4.061601430294104e-05,
      -0.0002736687893047929,
      4.5524953748099506e-05,
      -3.401981666684151e-05,
      -0.00017374793242197484,
      -0.00017159170238301158
    ],
    [
      -0.00010965781984850764,
      -0.00016691480414010584,
      -0.00018921437731478363,
      6.0927261074539274e-05,
      -0.00016509051783941686,
      4.672521026805043e-05,
      7.550003647338599e-05,
      -5.685578798875213e-07,
      7.448440010193735e-05,
      -0.00028613267932087183,
      5.238907760940492e-06,
      0.00018439552513882518,
      -5.358045018510893e-05,
      -0.0001501703663961962,
      4.108123539481312e-05,
      -0.00016283139120787382
    ],
    [
      -5.325721576809883e-05,
      -7.55435466999188e-05,
      0.00018252331938128918,
      0.00026394095038995147,
      -0.0001930429134517908,
      -7.771531090838835e-05,
      1.431955024600029e-05,
      0.0002292156859766692,
      0.00012360520486254245,
      -6.858637789264321e-05,
      -9.18276491574943e-05,
      -4.5862936531193554e-05,
      -9.093371772905812e-05,
      0.00014962494606152177,
      2.096690150210634e-05,
      -3.752455086214468e-05
    ],
    [
      -5.897571099922061e-05,
      8.217291906476021e-05,
      0.0001453442091587931,
      0.0001725885085761547,
      0.00016425219655502588,
      5.5797539971536025e-05,
      1.3837183360010386e-05,
      -4.892567085335031e-05,
      8.973581861937419e-05,
      0.0001442960201529786,
      -0.0004422387864906341,
      3.684079274535179e-05,
      -2.572977973613888e-05,
      -0.00017391402798239142,
      -0.00017345757805742323,
      -6.17906334809959e-05
    ],
    [
      0.0002515302039682865,
      -7.436209125444293e-05,
      -8.320414053741843e-06,
      7.890320557635278e-05,
      -9.221619984600693e-05,
      0.00017888554430101067,
      -7.456903404090554e-05,
      0.0001033546359394677,
      4.387411900097504e-05,
      -0.0004502419615164399,
      0.00024379344540648162,
      -0.00016849476378411055,
      -2.0639708964154124e-07,
      -8.308284304803237e-05,
