model,accuracy,avg_mse,std_mse,score
PySR,0.7407407407407407,0.004700255777939304,0.010518803152165695,0.5165265870477141
GPLearn,0.5555555555555556,0.08854637756559419,0.14390654445754678,0.3567889589300154
QLattice,0.4444444444444444,0.0049163708422600445,0.010812138234977635,0.3090466231191613
Polynomial,0.37037037037037035,0.00553598425561421,0.010774437010974991,0.2570746187070389
PySINDy,0.18518518518518517,0.010758526883334044,0.016160226946548718,0.12586190155830793
MLP_Sparse,0.0,0.0048496665985185185,0.010736221710739983,-0.002043555490777702
MLP_Standard,0.0,0.004891174982142889,0.01104780865318789,-0.0020830158617473667
MLP_Dropout,0.0,0.00912562774074074,0.01451040889631173,-0.003276166437779321
