{
  "fc1.weight": [
    [
      -0.0001592998596606776
    ],
    [
      -0.32852333784103394
    ],
    [
      0.6055124402046204
    ],
    [
      0.4852684736251831
    ],
    [
      -0.00019780805450864136
    ],
    [
      0.7738719582557678
    ],
    [
      0.0001091772792278789
    ],
    [
      6.511589890578762e-05
    ],
    [
      -0.7663456201553345
    ],
    [
      -0.23765090107917786
    ],
    [
      -0.00014607064076699317
    ],
    [
      0.00010524362733121961
    ],
    [
      -0.5542035102844238
    ],
    [
      0.4604072570800781
    ],
    [
      -5.9631725889630616e-05
    ],
    [
      0.3294367492198944
    ]
  ],
  "fc1.bias": [
    -1.3732067600358278e-05,
    -0.6486552357673645,
    1.1023002862930298,
    0.1499108076095581,
    -3.965418000007048e-05,
    1.1187390089035034,
    2.119242708431557e-06,
    9.836028038989753e-05,
    -0.7849217653274536,
    0.5714996457099915,
    0.0003231113951187581,
    -4.7345827624667436e-05,
    -0.9940065741539001,
    -0.055017512291669846,
    -0.00010468606342328712,
    -0.29629451036453247
  ],
  "fc2.weight": [
    [
      -0.0002498310059309006,
      -0.0001514471077825874,
      -3.539051249390468e-05,
      -0.00028925997321493924,
      -0.00015505954797845334,
      -0.00018027731857728213,
      -8.007138239918277e-05,
      -0.00040073218406178057,
      0.00027794711058959365,
      0.301168292760849,
      0.0002345446846447885,
      -0.0001557061477797106,
      -8.665540917718317e-06,
      -0.09052387624979019,
      0.00011319438635837287,
      -0.05355951189994812
    ],
    [
      -0.00020292121917009354,
      0.00013459387992043048,
      5.254913412500173e-05,
      -0.00010216950613539666,
      -0.00023274806153494865,
      0.00019591356976889074,
      -0.0001673247606959194,
      3.3466167224105448e-06,
      -0.00022626740974374115,
      -0.17373135685920715,
      -8.623528992757201e-05,
      -0.00018448111950419843,
      -4.178536983090453e-05,
      -0.00013868372479919344,
      -5.253040581010282e-05,
      -0.0002237523003714159
    ],
    [
      9.479252912569791e-05,
      0.00011720093607436866,
      6.675268377875909e-05,
      2.7793576009571552e-06,
      0.0001736494159558788,
      0.00020828428387176245,
      -0.00010910831042565405,
      9.595653682481498e-05,
      -0.00032581016421318054,
      -5.5769720347598195e-05,
      -4.71614912385121e-05,
      -0.0001701918081380427,
      -4.334683399065398e-05,
      0.12463422119617462,
      0.0001728741335682571,
      0.01876014657318592
    ],
    [
      -2.1171868866076693e-05,
      -0.00017332180868834257,
      -2.502819916117005e-05,
      4.932729643769562e-05,
      2.8505295631475747e-05,
      5.1991875807289034e-05,
      -1.8247425032313913e-05,
      2.3085973225533962e-05,
      8.43910311232321e-05,
      -0.0003049185033887625,
      7.88494071457535e-06,
      8.70256480993703e-05,
      -0.0003443441237322986,
      0.00020648105419240892,
      1.3887518434785306e-05,
      -4.297115083318204e-06
    ],
    [
      7.065420959406765e-06,
      -2.0284303900552914e-05,
      -0.00018774306226987392,
      -0.00044004604569636285,
      -0.0002865428396034986,
      -0.0003379621193744242,
      -4.867121606366709e-05,
      9.481576853431761e-06,
      0.15815956890583038,
      0.07949703186750412,
      -5.586634506471455e-05,
      0.0001565961429150775,
      0.00017309407121501863,
      -0.30663010478019714,
      0.00020164609304629266,
      -0.10060621798038483
    ],
    [
      -6.310470052994788e-05,
      -7.828071829862893e-05,
      -5.939655238762498e-05,
      4.264633753336966e-05,
      7.967541750986129e-05,
      -0.0002332000876776874,
      -0.00010651547199813649,
      -2.36106279771775e-06,
      0.000248748721787706,
      -9.313071495853364e-05,
      -0.00011182427260791883,
      -2.2008505766279995e-05,
      7.049617124721408e-05,
      -0.0838187038898468,
      -0.00018855292000807822,
      -0.15404993295669556
    ],
    [
      0.00019370898371562362,
      0.00015614420408383012,
      3.12742886308115e-05,
      0.00025123966042883694,
      -0.00014866370474919677,
      0.00017347298853565007,
      0.0001619299582671374,
      0.00014903178089298308,
      -0.000259611988440156,
      -0.20053966343402863,
      1.2972712283954024e-05,
      7.859180186642334e-05,
      -8.74087982083438e-06,
      0.03636181354522705,
      -0.00011461920803412795,
      0.271936297416687
    ],
    [
      -3.4810887882485986e-05,
      0.4108387231826782,
      -1.5012037754058838,
      -0.00015255430480465293,
      -2.920250699389726e-05,
      -0.8814054131507874,
      -0.00013647263403981924,
      -0.000169118691701442,
      0.2457130402326584,
      -9.611673885956407e-05,
      -9.967172081815079e-05,
      0.00017664754705037922,
      1.0777326822280884,
      -7.983586692716926e-05,
      8.5108244093135e-05,
      -2.7851165214087814e-05
    ],
    [
      -0.00016849256644491106,
      4.6098317397991195e-05,
      -0.00014901426038704813,
      7.123962132027373e-05,
      1.7808921256801113e-05,
      7.306224870262668e-05,
      7.586117862956598e-05,
      -0.00013726155157200992,
      7.945872494019568e-05,
      9.850510105025023e-05,
      4.9452457460574806e-05,
      0.00019200475071556866,
      -0.0001364701020065695,
      -8.193979738280177e-05,
      0.0001481955114286393,
      -7.330783409997821e-05
    ],
    [
      0.00010384005872765556,
      -9.276613855035976e-05,
      9.096796566154808e-05,
      -0.0002648500958457589,
      9.003892046166584e-05,
      5.368725396692753e-06,
      -3.581903729354963e-05,
      1.0088466297020204e-05,
      -8.2095866673626e-05,
      6.048251816537231e-05,
      0.00032315892167389393,
      -0.00012884518946520984,
      5.3593215852743015e-05,
      -5.329733539838344e-05,
      -2.6894427719525993e-05,
      -0.00024909069179557264
    ],
    [
      4.53843385912478e-05,
      -0.0003551917034201324,
      0.0005694279680028558,
      0.2758656442165375,
      -6.441426376113668e-05,
      0.5252512693405151,
      -0.0001897658803500235,
      0.0001505884574726224,
      -0.6344249248504639,
      -0.00040223714313469827,
      -0.0002285358204971999,
      -7.053843000903726e-05,
      -0.0005748283583670855,
      0.03210895135998726,
      0.00013701492571271956,
      0.0004662838764488697
    ],
    [
      -7.384875061688945e-06,
      3.168046532664448e-05,
      0.0001935510808834806,
      0.17129144072532654,
      0.00025223029660992324,
      0.00033089189673773944,
      -1.1429914593463764e-05,
      -2.9704153348575346e-05,
      -0.13272549211978912,
      -0.15906193852424622,
      0.000312582531478256,
      2.3586013412568718e-05,
      -0.00016420354950241745,
      0.07129770517349243,
      0.0003704024711623788,
      0.16212016344070435
    ],
    [
      9.287643479183316e-06,
      -0.00010402953921584412,
      7.824251952115446e-05,
      6.811340426793322e-05,
      0.00031316341483034194,
      8.801006333669648e-05,
      -0.00020095016225241125,
      -0.00023386829707305878,
      -0.00010989883594447747,
      5.9091136790812016e-05,
      -0.00016898324247449636,
      4.908508708467707e-05,
      -0.00013819387822877616,
      0.00011017202632501721,
      0.00011114021617686376,
      0.0001270592474611476
    ],
    [
      0.00017565954476594925,
      -2.1072191884741187e-05,
      8.425704436376691e-07,
      0.00019699598487932235,
      9.25221829675138e-05,
      -1.9866936781909317e-05,
      0.000130693064420484,
      -5.117495675222017e-05,
      -8.317224273923784e-05,
      6.979373574722558e-05,
      -6.85314807924442e-05,
      3.097818262176588e-05,
      -6.191243301145732e-06,
      -8.240946772275493e-05,
      8.795915346127003e-05,
      -0.00020319675968494266
    ],
    [
      2.0384803065098822e-05,
      0.00013759557623416185,
      -0.00013899063924327493,
