{
  "fc1.weight": [
    [
      0.318006306886673,
      -0.25021201372146606,
      0.34489694237709045
    ],
    [
      -0.0005813020979985595,
      8.707608503755182e-05,
      0.017222588881850243
    ],
    [
      -0.001909082056954503,
      -0.0008223426411859691,
      -0.09985985606908798
    ],
    [
      -9.168799806502648e-06,
      1.4811475921305828e-06,
      -6.335539183055516e-06
    ],
    [
      -0.14871273934841156,
      0.6222845315933228,
      -0.11954502016305923
    ],
    [
      -0.2449062168598175,
      0.004998298827558756,
      0.47549235820770264
    ],
    [
      -0.19947317242622375,
      0.2790201008319855,
      -0.5343490839004517
    ],
    [
      0.4885648488998413,
      -0.32010024785995483,
      -0.49712905287742615
    ],
    [
      0.39021456241607666,
      0.31953105330467224,
      -0.26136428117752075
    ],
    [
      0.17290332913398743,
      0.05277276784181595,
      -0.3223951458930969
    ],
    [
      0.2605286240577698,
      -0.161881223320961,
      -0.5185685157775879
    ],
    [
      -0.24961331486701965,
      -0.06910953670740128,
      0.5825387239456177
    ],
    [
      -0.05349845811724663,
      -0.2596333920955658,
      0.5777847170829773
    ],
    [
      0.06480702012777328,
      -0.019691823050379753,
      0.7476484179496765
    ],
    [
      -0.22076299786567688,
      0.38782432675361633,
      0.47230058908462524
    ],
    [
      0.303630530834198,
      -0.17954781651496887,
      0.46794357895851135
    ]
  ],
  "fc1.bias": [
    1.395013689994812,
    -1.3810940980911255,
    -1.3852895498275757,
    4.3410705984570086e-05,
    0.4676453173160553,
    0.8948779106140137,
    -0.7690204381942749,
    -0.16016219556331635,
    -0.33391210436820984,
    0.0015462819719687104,
    -0.8548157215118408,
    1.1884727478027344,
    1.1315150260925293,
    1.1720681190490723,
    0.36399582028388977,
    0.43938395380973816
  ],
  "fc2.weight": [
    [
      0.4788895547389984,
      -0.5885698795318604,
      -0.2323322594165802,
      1.5200885172816925e-05,
      0.0008458388037979603,
      0.7800523638725281,
      -0.6862772107124329,
      -0.17340978980064392,
      -0.3823992908000946,
      0.1124844178557396,
      -0.7591121196746826,
      1.662798523902893,
      1.339860439300537,
      2.068557024002075,
      0.00307095842435956,
      0.20970410108566284
    ],
    [
      -0.0014446176355704665,
      0.49426689743995667,
      0.1440802961587906,
      0.00015658634947612882,
      -1.5261304378509521,
      -0.4446108639240265,
      0.0006892500096000731,
      -0.0006717797950841486,
      -0.0005655512795783579,
      -0.0004225173615850508,
      0.5061834454536438,
      -0.4039733409881592,
      -0.00209613679908216,
      -1.3683252334594727,
      0.00021699357603210956,
      -0.0006651266594417393
    ],
    [
      0.08785339444875717,
      -0.08547420054674149,
      -0.263413667678833,
      1.5224012713588309e-05,
      -0.07160796970129013,
      -0.0007570073357783258,
      0.10519318282604218,
      0.0011927819577977061,
      0.05371662229299545,
      0.04650966078042984,
      0.008700411766767502,
      -0.2944062352180481,
      -0.37338894605636597,
      0.004471688065677881,
      -0.009773612022399902,
      -0.009071539156138897
    ],
    [
      -0.007510220166295767,
      -0.09135405719280243,
      -0.010061818175017834,
      5.72011686017504e-06,
      -0.14240427315235138,
      0.21256817877292633,
      -0.2295016497373581,
      -0.21752174198627472,
      -0.2379484325647354,
      -0.10105177015066147,
      -0.03496190160512924,
      0.54441237449646,
      0.6122190356254578,
      0.13417041301727295,
      0.05663046985864639,
      0.07939600199460983
    ],
    [
      0.6937401294708252,
      -0.3730860948562622,
      -0.14128313958644867,
      6.444501195801422e-06,
      0.0002072712522931397,
      -0.06869262456893921,
      0.0007494426099583507,
      0.002005631336942315,
      0.0016312797088176012,
      0.0016539071220904589,
      0.0005485358415171504,
      -0.08842568099498749,
      -0.0007378325099125504,
      0.1867733746767044,
      -0.010375576093792915,
      -0.0005793858435936272
    ],
    [
      -0.0004567046125885099,
      -0.3110264539718628,
      -0.010998979210853577,
      -3.126174851786345e-05,
      -0.1367255598306656,
      0.34719857573509216,
      -0.39514872431755066,
      -0.36342567205429077,
      -0.3669244647026062,
      -0.0018425870221108198,
      -0.23571093380451202,
      0.6164973378181458,
      0.7029094099998474,
      0.5619922280311584,
      0.17260180413722992,
      0.5218599438667297
    ],
    [
      1.1308891773223877,
      -0.2973429262638092,
      -0.03890080377459526,
      -7.36735892132856e-05,
      0.0012639205669984221,
      0.00039865748840384185,
      -0.017531700432300568,
      0.04406546801328659,
      0.4832073450088501,
      0.0013742427108809352,
      -0.0007527620764449239,
      0.0004764586337842047,
      0.1509065181016922,
      1.960587739944458,
      0.0008796107722446322,
      -0.0009324878337793052
    ],
    [
      0.5694594383239746,
      -0.2571403384208679,
      -0.20862983167171478,
      -4.5395787310553715e-05,
      0.00031236649374477565,
      -0.0005961803253740072,
      0.0007492135046049953,
      0.0015886195469647646,
      0.0014781132340431213,
      0.0016247550956904888,
      0.00048624281771481037,
      -0.0005474351928569376,
      -0.0007641722913831472,
      -0.0005560274003073573,
      -0.0011621701996773481,
      -0.0005779770435765386
    ],
    [
      0.26755449175834656,
      -0.5157989263534546,
      -0.15247012674808502,
      -7.603097765240818e-05,
      0.00027854935615323484,
      -0.0005330395651981235,
      0.0006766036967746913,
      0.001260631950572133,
      0.0013243693392723799,
      0.001610449398867786,
      0.00032111466862261295,
      -0.000503478164318949,
      -0.0006967051303945482,
      -0.0004579306405503303,
      -0.0009921849705278873,
      -0.000579827930778265
    ],
    [
      0.34931638836860657,
      -0.15203772485256195,
      -0.4636688828468323,
      1.0047242540167645e-05,
      -0.0006358552491292357,
      0.6713504791259766,
      -0.7701812386512756,
      -0.23438134789466858,
      -0.17812879383563995,
      0.28123611211776733,
      -0.6697438955307007,
      0.9615651965141296,
      0.989037036895752,
      1.3894966840744019,
      0.4088208079338074,
      0.30653220415115356
    ],
    [
      0.3208370506763458,
      -0.33383315801620483,
      -0.23978152871131897,
      -6.252701859921217e-05,
      0.00026046231505461037,
      -0.0005380806978791952,
      0.0007221851265057921,
      0.001279556774534285,
      0.0013509896816685796,
      0.0016101227374747396,
      0.0003247193817514926,
      -0.0005365782999433577,
      -0.0007044256199151278,
      -0.00046522796037606895,
      -0.0009957412257790565,
      -0.0005944985896348953
    ],
    [
      -0.2949102520942688,
      0.5624540448188782,
      0.425123929977417,
      -2.8549797207233496e-05,
      0.04944907873868942,
      -0.6977678537368774,
      0.5315790176391602,
      0.25229722261428833,
      0.12979894876480103,
      -0.00022386893397197127,
      0.6248176097869873,
      -1.149350643157959,
      -1.1904183626174927,
      -1.8885513544082642,
      -0.3250436782836914,
      -0.44902685284614563
    ],
    [
      -0.7710452079772949,
      0.22538356482982635,
      0.3087848424911499,
      -1.6559668438276276e-05,
      2.047181988018565e-05,
      0.0008077362435869873,
      -0.0009222051594406366,
      -0.16619840264320374,
      -0.06339499354362488,
      -0.0016381735913455486,
      -0.000724943180102855,
      0.0006878360291011631,
      0.0009078621515072882,
      -0.289332777261734,
      0.0020919956732541323,
      0.0006189728155732155
    ],
    [
