{
  "fc1.weight": [
    [
      -0.0031363614834845066,
      -0.20086602866649628,
      0.49730393290519714
    ],
    [
      -0.3571183979511261,
      0.38374072313308716,
      0.08361747115850449
    ],
    [
      -0.18058711290359497,
      -0.32338976860046387,
      -0.7194286584854126
    ],
    [
      0.37719422578811646,
      0.3472626209259033,
      -0.017277002334594727
    ],
    [
      0.16260571777820587,
      0.2867263853549957,
      -0.20478616654872894
    ],
    [
      0.19048810005187988,
      0.08939338475465775,
      -0.5961005687713623
    ],
    [
      -0.4387665092945099,
      0.48052725195884705,
      -0.4609043598175049
    ],
    [
      0.357002854347229,
      -0.3003152310848236,
      -0.7054374814033508
    ],
    [
      -0.1323646456003189,
      -0.12916381657123566,
      -0.5306577682495117
    ],
    [
      0.19107303023338318,
      -0.21089312434196472,
      0.5176845192909241
    ],
    [
      -0.19622132182121277,
      0.2995438277721405,
      0.5411258339881897
    ],
    [
      -0.04046901315450668,
      -0.07525205612182617,
      -0.667357325553894
    ],
    [
      -0.39176294207572937,
      -0.28330478072166443,
      -0.47098037600517273
    ],
    [
      0.48829442262649536,
      -0.44524747133255005,
      -0.0022707367315888405
    ],
    [
      0.2826716899871826,
      0.26583319902420044,
      -0.32555243372917175
    ],
    [
      0.10101355612277985,
      0.15676972270011902,
      -0.5093885064125061
    ]
  ],
  "fc1.bias": [
    0.9579227566719055,
    1.0458279848098755,
    -0.5294022560119629,
    0.01479421742260456,
    -0.8201249241828918,
    -1.278427004814148,
    0.2285049706697464,
    -0.7598243355751038,
    -0.34795090556144714,
    0.7659923434257507,
    0.4657004177570343,
    -1.2201825380325317,
    -0.9514028429985046,
    1.1127451658248901,
    -0.9295251369476318,
    -1.0779798030853271
  ],
  "fc2.weight": [
    [
      0.6292230486869812,
      0.1727810502052307,
      0.002530822530388832,
      -0.0007733264937996864,
      -0.0027806181460618973,
      -0.0027422504499554634,
      0.0036156612914055586,
      0.0001773058029357344,
      0.0023192951921373606,
      0.45002633333206177,
      -0.0016936822794377804,
      -0.6743107438087463,
      -0.7677068710327148,
      0.8679904341697693,
      -0.002355549018830061,
      -0.0024353312328457832
    ],
    [
      1.7004364728927612,
      0.19094039499759674,
      -0.8188153505325317,
      0.002180809387937188,
      -0.5204940438270569,
      -2.527402400970459,
      -0.06724178791046143,
      -0.8788004517555237,
      -0.1593249887228012,
      1.1907029151916504,
      0.5078069567680359,
      -0.8013197779655457,
      -0.4849078357219696,
      0.18015745282173157,
      -0.4519925117492676,
      -1.553730845451355
    ],
    [
      0.2701336145401001,
      -0.17515960335731506,
      -0.0003247678396292031,
      -0.026972761377692223,
      -0.35554033517837524,
      -0.498455286026001,
      -0.10579384863376617,
      -0.44669586420059204,
      0.0011736933374777436,
      0.17713652551174164,
      0.0939658135175705,
      -0.0018783570267260075,
      0.0007800607709214091,
      -0.10562821477651596,
      -0.7304421663284302,
      -0.48512938618659973
    ],
    [
      0.21056579053401947,
      0.18965207040309906,
      0.0025609293952584267,
      0.0002017143851844594,
      -0.0005381543887779117,
      -0.24817149341106415,
      0.026715265586972237,
      0.0023141077253967524,
      0.001985622104257345,
      -0.0001944769755937159,
      -0.0027539492584764957,
      -0.4210730791091919,
      -0.41859880089759827,
      0.6949871182441711,
      -0.00018425655434839427,
      -0.11117828637361526
    ],
    [
      0.055703338235616684,
      0.2344149798154831,
      0.002429116517305374,
      0.0014476155629381537,
      -0.0005963747389614582,
      -0.1061057522892952,
      0.0006246073171496391,
      0.0032475623302161694,
      0.0017893729964271188,
      -7.432798156514764e-05,
      -0.0031689677853137255,
      -0.43674448132514954,
      -0.38432204723358154,
      0.3653397560119629,
      -6.109089736128226e-05,
      -0.15212157368659973
    ],
    [
      -0.0026773978024721146,
      -0.6626994013786316,
      9.732475155033171e-05,
      4.485651879804209e-05,
      0.001916796900331974,
      0.4931972026824951,
      -0.28342363238334656,
      -0.0008251116378232837,
      -7.537080819020048e-05,
      -0.0017678422154858708,
      0.0013312252704054117,
      0.8259298801422119,
      0.5052493810653687,
      -0.32320499420166016,
      0.002206729259341955,
      0.020474933087825775
    ],
    [
      -1.0654382705688477,
      -0.2377053201198578,
      0.1230296716094017,
      -0.0010672657517716289,
      0.1808188259601593,
      1.3959664106369019,
      0.20599667727947235,
      0.48661133646965027,
      0.29541102051734924,
      -0.7001820802688599,
      -0.2145221084356308,
      0.2228604257106781,
      0.34923285245895386,
      -0.0005872919573448598,
      0.4027789831161499,
      0.8823370337486267
    ],
    [
      0.5405972003936768,
      -0.03171827271580696,
      -0.2513888478279114,
      -0.0006199911003932357,
      -0.3164624869823456,
      -0.2697274684906006,
      -0.12106622755527496,
      -0.15498048067092896,
      -0.2879337668418884,
      0.4519970715045929,
      0.004000821150839329,
      -0.06271855533123016,
      -0.22530075907707214,
      0.00038684578612446785,
      -0.10414782166481018,
      -0.15468230843544006
    ],
    [
      1.0788522958755493,
      0.0017954299692064524,
      -0.2933345437049866,
      0.0014652761165052652,
      -0.348386287689209,
      -2.2616536617279053,
      -0.019872251898050308,
      -0.7431354522705078,
      -0.22388222813606262,
      0.9112823009490967,
      0.24945838749408722,
      -0.6347185969352722,
      -0.4162931442260742,
      0.18774546682834625,
      -0.40313148498535156,
      -1.282213807106018
    ],
    [
      -0.49876028299331665,
      0.12815935909748077,
      -0.0030101893935352564,
      0.4302635192871094,
      0.00026104433345608413,
      0.10478240996599197,
      0.08614734560251236,
      0.11193688213825226,
      0.08206046372652054,
      -0.1294189691543579,
      -0.1976141780614853,
      -0.1430153101682663,
      -0.3600514829158783,
      0.23436839878559113,
      0.3895387053489685,
      0.36279648542404175
    ],
    [
      -0.0013447009259834886,
      -0.6437347531318665,
      -0.0005731104174628854,
      -0.0021681201178580523,
      0.0009140839683823287,
      0.3127416968345642,
      0.0004902859218418598,
      -0.0028301109559834003,
      -0.00028822265448980033,
      -0.0017035610508173704,
      0.002896638587117195,
      0.3651539385318756,
      0.2355535626411438,
      -0.36694276332855225,
      0.0003604995727073401,
      0.0016217976808547974
    ],
    [
      0.004148121923208237,
      0.7411726117134094,
      -0.005957254208624363,
      0.0008029239252209663,
      -0.0029539805836975574,
      -0.3986329734325409,
      0.485405832529068,
      -0.23655489087104797,
      -0.0051982207223773,
      0.0035603493452072144,
      0.07585698366165161,
      -0.7328751087188721,
      -0.12693080306053162,
      0.3449726402759552,
      -0.003840482095256448,
      -0.005243861116468906
    ],
    [
      -0.39303475618362427,
      -0.2965516149997711,
      -0.0024198296014219522,
      -0.001199699705466628,
      0.1755886822938919,
      3.488919901428744e-05,
      -0.0014909731689840555,
      -0.23565325140953064,
      -0.0014241610188037157,
      -0.01802947372198105,
      0.002900060499086976,
      0.611342191696167,
      0.1725001037120819,
      -0.649685800075531,
      -5.636351852444932e-05,
      0.3086036443710327
    ],
    [
      -0.7264820337295532,
      -2.1456697140820324e-05,
      0.20730186998844147,
