{
  "fc1.weight": [
    [
      0.04956775903701782,
      0.00032582355197519064,
      -0.025362323969602585
    ],
    [
      0.38225850462913513,
      0.0019157807109877467,
      -0.22862817347049713
    ],
    [
      0.21312019228935242,
      0.24213585257530212,
      -0.13326771557331085
    ],
    [
      0.3798576891422272,
      0.2765221893787384,
      -0.06288084387779236
    ],
    [
      -0.4391247034072876,
      0.21183928847312927,
      -0.4148566722869873
    ],
    [
      0.19192250072956085,
      -0.3841908276081085,
      0.001073345192708075
    ],
    [
      -0.19770990312099457,
      -0.20794878900051117,
      0.5869797468185425
    ],
    [
      -5.605528349406086e-05,
      -0.0002488793688826263,
      2.8705253498628736e-05
    ],
    [
      0.13422396779060364,
      -0.1576818972826004,
      -0.7530736923217773
    ],
    [
      0.2423558533191681,
      -0.0005016146460548043,
      0.22264105081558228
    ],
    [
      6.648079579463229e-05,
      0.0002766776306089014,
      -0.00011744862422347069
    ],
    [
      0.000273882265901193,
      5.58093779545743e-05,
      5.132696242071688e-05
    ],
    [
      0.3644784688949585,
      -0.2050938904285431,
      0.014813302084803581
    ],
    [
      0.0001449155097361654,
      -3.685204137582332e-05,
      0.00010448872490087524
    ],
    [
      -0.2388865053653717,
      -0.20268577337265015,
      0.3674375116825104
    ],
    [
      0.0007968728896230459,
      0.4636523425579071,
      -0.2029218077659607
    ]
  ],
  "fc1.bias": [
    0.00013964464596938342,
    0.00021457107504829764,
    -0.7782198786735535,
    0.00041583774145692587,
    -0.1484626680612564,
    -0.8181073665618896,
    1.4374310970306396,
    2.315068559255451e-05,
    -1.0804063081741333,
    0.8696900606155396,
    2.0492552721407264e-05,
    0.00027106539346277714,
    0.8667341470718384,
    -9.319119271822274e-05,
    1.0180591344833374,
    -8.376122423214838e-05
  ],
  "fc2.weight": [
    [
      0.0001256212271982804,
      0.0005740944179706275,
      0.00013498522457666695,
      0.0009486445924267173,
      0.00013420738105196506,
      -0.09134429693222046,
      0.00012081572640454397,
      -0.00016960444918368012,
      -7.784034096403047e-05,
      5.988381599308923e-05,
      4.013381476397626e-05,
      0.0002894351491704583,
      2.7304929972160608e-05,
      0.00012116538709960878,
      7.5797142926603556e-06,
      0.0006782053969800472
    ],
    [
      0.0002756885369308293,
      0.00026610263739712536,
      -0.3819372355937958,
      0.11160197854042053,
      -0.568443238735199,
      0.000566016067750752,
      1.8672897815704346,
      0.0003760501858778298,
      -1.2451601028442383,
      0.23673754930496216,
      -0.00021640431077685207,
      -6.533051782753319e-05,
      -7.119635847629979e-05,
      5.5468404752900824e-05,
      0.6001032590866089,
      -1.9036349840462208e-05
    ],
    [
      0.00013195423525758088,
      0.0005473929923027754,
      -0.000322554144077003,
      0.000392461777664721,
      0.0005652006366290152,
      -1.1503108739852905,
      0.0002705054357647896,
      -0.00032156138331629336,
      -0.49315714836120605,
      0.25231871008872986,
      0.0002720752090681344,
      2.5235203793272376e-06,
      0.14626248180866241,
      0.0002756654575932771,
      0.00021663955703843385,
      -0.0002754726738203317
    ],
    [
      -0.00015658116899430752,
      -0.00043671089224517345,
      -3.3210722904186696e-05,
      -0.0007274395320564508,
      -0.0006758279632776976,
      0.27526238560676575,
      -0.00017882649262901396,
      0.00024609867250546813,
      0.0004045665555167943,
      -0.3150803744792938,
      1.4405571164388675e-05,
      -0.00022178905783221126,
      -0.2737538814544678,
      -0.00011867912689922377,
      -0.00015257320774253458,
      -0.0004709009372163564
    ],
    [
      -8.733270078664646e-05,
      -0.03054915741086006,
      -0.0003182661603204906,
      -0.001045641372911632,
      -0.2497931569814682,
      0.04576690122485161,
      0.697048008441925,
      -5.1274895668029785e-05,
      -0.3825807571411133,
      -5.522065839613788e-05,
      7.608845044160262e-05,
      -0.00010707574256230146,
      -0.0364626869559288,
      2.860798849724233e-05,
      0.34049612283706665,
      -0.2539368271827698
    ],
    [
      8.388979767914861e-05,
      0.00016366147610824555,
      0.6574020385742188,
      9.96854723780416e-05,
      -0.0013593827607110143,
      -0.00029646637267433107,
      -0.5528950095176697,
      0.00011685275967465714,
      -0.0001964545517694205,
      8.231333049479872e-05,
      -7.89693440310657e-05,
      0.00017135949747171253,
      9.4756149337627e-05,
      0.00018190463015343994,
      -0.7415675520896912,
      0.00036361676757223904
    ],
    [
      0.00020973054051864892,
      0.03154556080698967,
      0.05528631806373596,
      0.21225307881832123,
      0.06506980955600739,
      -0.1411915272474289,
      -0.13722006976604462,
      0.00013088203559163958,
      -0.02091400697827339,
      8.85554836713709e-05,
      2.422271791147068e-05,
      -0.0002970414934679866,
      0.08509168773889542,
      -9.776905062608421e-05,
      2.999890421051532e-05,
      0.09639900177717209
    ],
    [
      -0.0001944988325703889,
      -0.0006339035462588072,
      -0.00015307260036934167,
      -0.0010282574221491814,
      -0.00013696751557290554,
      0.24492016434669495,
      -9.816962119657546e-05,
      0.000193782543647103,
      0.00021829883917234838,
      -2.1676965843653306e-05,
      2.2431670004152693e-05,
      0.00010231758642476052,
      -5.570851863012649e-05,
      2.5796034606173635e-06,
      1.0199088137596846e-05,
      -0.0007062969962134957
    ],
    [
      0.00010264439333695918,
      -0.00010191052570007741,
      1.1771000572480261e-05,
      -5.149751086719334e-05,
      0.00015931660891510546,
      5.1624454499688e-05,
      1.3812481483910233e-05,
      -0.00026366725796833634,
      1.619072827452328e-05,
      1.6475525626447052e-05,
      -2.004697307711467e-06,
      -7.351766544161364e-05,
      5.5766831792425364e-05,
      8.609974611317739e-05,
      -1.1991451174253598e-06,
      0.00012167078966740519
    ],
    [
      0.0001444391382392496,
      0.00034065841464325786,
      -2.563007001299411e-05,
      0.0006289278389886022,
      0.0007186789298430085,
      -0.05243062600493431,
      0.00021093906252644956,
      5.872105248272419e-05,
      -0.000389036547858268,
      0.0885910913348198,
      -0.00015570138930343091,
      0.00012999041064176708,
      0.5339329242706299,
      4.851905396208167e-05,
      0.00017982706776820123,
      0.0005363912787288427
    ],
    [
      0.0001305526093346998,
      0.0002043246931862086,
      0.0002451356849633157,
      -4.834387800656259e-05,
      -4.981055099051446e-06,
      0.00015197612810879946,
      -0.00016802403843030334,
      1.7291073163505644e-05,
      -2.1491323423106223e-05,
      -0.00014187020133249462,
      -6.931135430932045e-05,
      1.377271837554872e-05,
      -0.00023943549604155123,
      5.5990829423535615e-05,
      -9.890486398944631e-05,
      0.00022815048578195274
    ],
    [
      0.0002483357675373554,
      0.20680934190750122,
      0.24668298661708832,
      0.014010156504809856,
      0.04897918179631233,
      -0.030706964433193207,
      -0.4542188048362732,
      -1.041984069161117e-05,
      0.23852628469467163,
      0.00011548901966307312,
      -0.00015361237456090748,
      2.9969975003041327e-05,
      0.22167757153511047,
      2.783449599519372e-05,
      -0.24647727608680725,
      0.1738581359386444
    ],
    [
      0.08147511631250381,
      0.04564284905791283,
      0.21874862909317017,
      0.0012835111701861024,
      5.287324165692553e-05,
      -0.02447247877717018,
      -0.19436553120613098,
      -5.375920227379538e-05,
      0.060539618134498596,
