{
  "fc1.weight": [
    [
      -0.4739654064178467,
      -0.03724566474556923,
      0.08344525843858719
    ],
    [
      0.4316796362400055,
      0.0005972441285848618,
      -0.35273826122283936
    ],
    [
      0.2621815502643585,
      0.24913299083709717,
      -0.2810707092285156
    ],
    [
      0.017932331189513206,
      -0.4366941452026367,
      -0.056322406977415085
    ],
    [
      -6.451357330661267e-05,
      0.00010151887545362115,
      2.059595317405183e-05
    ],
    [
      0.22549830377101898,
      -0.36513379216194153,
      0.17904983460903168
    ],
    [
      0.2738345265388489,
      0.230573832988739,
      0.07817459851503372
    ],
    [
      0.42335420846939087,
      -0.36000654101371765,
      -0.11580909788608551
    ],
    [
      0.28588244318962097,
      -0.26546740531921387,
      0.6738222241401672
    ],
    [
      -0.3080674707889557,
      0.0027669507544487715,
      -0.0008794796303845942
    ],
    [
      -0.050377387553453445,
      0.04927309975028038,
      0.6490604877471924
    ],
    [
      -0.1958599090576172,
      -0.3917631208896637,
      0.16586710512638092
    ],
    [
      -0.0032281200401484966,
      -0.003914411645382643,
      0.23363323509693146
    ],
    [
      0.11815743148326874,
      -0.20861999690532684,
      -0.6610729098320007
    ],
    [
      -0.09372137486934662,
      -0.2667251527309418,
      0.04342949390411377
    ],
    [
      -0.2584945261478424,
      -0.30215179920196533,
      0.41968008875846863
    ]
  ],
  "fc1.bias": [
    -0.47447919845581055,
    -0.41967785358428955,
    -0.9662173390388489,
    -0.702545702457428,
    2.7346022761776112e-05,
    -0.3060886561870575,
    -0.1812930405139923,
    0.6887878179550171,
    0.8621835708618164,
    0.8549171090126038,
    1.015749454498291,
    0.18869337439537048,
    0.36747342348098755,
    -0.7345116138458252,
    -0.02676832489669323,
    1.0656487941741943
  ],
  "fc2.weight": [
    [
      -0.0043370346538722515,
      -0.2507932186126709,
      -1.5805690288543701,
      -0.30539676547050476,
      0.00040869248914532363,
      -0.0036206701770424843,
      0.002628748770803213,
      0.05962539464235306,
      1.0326257944107056,
      0.19453389942646027,
      1.5254406929016113,
      0.011568582616746426,
      0.003023104975000024,
      -0.6220350861549377,
      -0.0037699274253100157,
      1.2049258947372437
    ],
    [
      -0.13390344381332397,
      0.015421701595187187,
      -0.000243878283072263,
      -0.16815103590488434,
      -0.00012536720896605402,
      -0.10908930748701096,
      0.00021382250997703522,
      0.0034481778275221586,
      0.0006438459386117756,
      0.22367531061172485,
      0.1652372181415558,
      -0.13463056087493896,
      0.0005634167464450002,
      -0.0012645144015550613,
      -0.012013635598123074,
      -0.05878482013940811
    ],
    [
      -0.17992283403873444,
      0.029065370559692383,
      3.880537406075746e-06,
      -0.19775304198265076,
      0.0001290876534767449,
      -0.016922056674957275,
      0.01573912426829338,
      0.39873170852661133,
      0.17473715543746948,
      0.2243627905845642,
      0.2205033302307129,
      -0.0007334555266425014,
      0.12414117902517319,
      6.357053644023836e-05,
      0.00042424656567163765,
      -0.00012514139234554023
    ],
    [
      0.0017529388424009085,
      -0.2568143606185913,
      -0.07135103642940521,
      -0.45590752363204956,
      -0.00010074106830870733,
      -0.7416480779647827,
      -0.0009687998099252582,
      0.3084206283092499,
      -0.00010084594396175817,
      0.07198992371559143,
      0.20438702404499054,
      -0.10715727508068085,
      0.2076568305492401,
      -0.0393739677965641,
      -0.0005466225557029247,
      0.00036872344207949936
    ],
    [
      0.0006676596240140498,
      0.000424838624894619,
      -0.00026677612913772464,
      0.0006212263833731413,
      -4.215740045765415e-05,
      0.0004419879405759275,
      -0.00025013298727571964,
      -0.0007110915030352771,
      0.00015532691031694412,
      -0.00042470949119888246,
      0.000774288666434586,
      9.934754052665085e-05,
      0.00024092996318358928,
      -0.00010240668780170381,
      -0.00013056467287242413,
      0.00041371508268639445
    ],
    [
      -0.001420282293111086,
      0.388465017080307,
      0.3713397979736328,
      -0.2539556324481964,
      -5.777124169981107e-05,
      -0.009024787694215775,
      0.0018220500787720084,
      0.0019350278889760375,
      -0.18654918670654297,
      8.750810229685158e-05,
      -0.39946600794792175,
      -0.010859217494726181,
      -0.02620084211230278,
      0.11536141484975815,
      -0.17222850024700165,
      -0.565357506275177
    ],
    [
      0.000605905253905803,
      -0.3516763150691986,
      -0.5320639610290527,
      -0.0110424580052495,
      -7.860858022468165e-05,
      0.03935454413294792,
      0.000959747179877013,
      -0.04036008566617966,
      0.5668254494667053,
      0.1430012583732605,
      0.6316578984260559,
      0.0003481147869024426,
      0.0010794210247695446,
      -0.5548502802848816,
      0.009086312726140022,
      0.63027024269104
    ],
    [
      0.3550196588039398,
      -0.1603124588727951,
      -0.03300819173455238,
      0.09949784725904465,
      4.0270657336805016e-05,
      -0.00019401084864512086,
      -0.23545213043689728,
      -0.3057005703449249,
      0.09659890085458755,
      0.05330977588891983,
      0.1781122386455536,
      0.2646142244338989,
      0.13570789992809296,
      -0.0008229766972362995,
      0.0014419720973819494,
      0.30037543177604675
    ],
    [
      -0.39494413137435913,
      0.0006098796729929745,
      -0.000606727902777493,
      -0.3234916925430298,
      -6.092193507356569e-05,
      -0.01802549697458744,
      8.799834176898003e-05,
      0.6108846068382263,
      0.2902318835258484,
      0.1500973254442215,
      0.13782043755054474,
      7.748326606815681e-05,
      0.28430819511413574,
      -0.00040990972775034606,
      0.0016039891634136438,
      0.0006518111331388354
    ],
    [
      -0.33303746581077576,
      0.26418647170066833,
      0.12767143547534943,
      -0.15325267612934113,
      -3.466739144641906e-07,
      -0.18889683485031128,
      0.0031540608033537865,
      -0.00043734925566241145,
      -0.15380802750587463,
      -0.058911051601171494,
      0.03790007904171944,
      -0.37126025557518005,
      -0.07635410875082016,
      8.607031486462802e-05,
      -0.30555227398872375,
      -0.13800640404224396
    ],
    [
      0.14836722612380981,
      -0.008643548004329205,
      -0.31052854657173157,
      0.0923585295677185,
      3.852383088087663e-05,
      0.1547345668077469,
      -0.0024348320439457893,
      -0.023590004071593285,
      0.23585999011993408,
      0.14475232362747192,
      0.04601055756211281,
      0.2111349254846573,
      0.004528579767793417,
      -0.4348166584968567,
      0.0027096006087958813,
      0.4882946014404297
    ],
    [
      -0.0007027076208032668,
      0.053289853036403656,
      0.07982771843671799,
      0.45712095499038696,
      -2.0823026716243476e-05,
      0.45577558875083923,
      0.000462380878161639,
      -0.37320634722709656,
      1.2686065929301549e-05,
      -0.47708967328071594,
      -0.1918916404247284,
      0.0005132528604008257,
      -0.11545896530151367,
      0.1328037977218628,
      0.00042963711894117296,
      0.07790618389844894
    ],
    [
      0.04370591416954994,
      -0.0017709751846268773,
      -0.13060294091701508,
      -6.244204996619374e-05,
      -4.909005656372756e-05,
      0.26243430376052856,
      -0.00225192797370255,
      -0.00034011085517704487,
      0.0014624332543462515,
      0.010166943073272705,
      0.0009919203585013747,
      0.1319250762462616,
      0.030645199120044708,
      -0.14364245533943176,
      0.0011596119729802012,
      0.5190869569778442
    ],
    [
