{
  "fc1.weight": [
    [
      0.446362167596817,
      -0.2091786116361618,
      0.03460582718253136
    ],
    [
      -0.07880352437496185,
      -0.39363065361976624,
      0.15465475618839264
    ],
    [
      0.2931777536869049,
      0.21018099784851074,
      -0.10784434527158737
    ],
    [
      -8.979177073342726e-05,
      0.00011795984755735844,
      -6.210313586052507e-05
    ],
    [
      -0.00018683081725612283,
      2.3070795577950776e-05,
      -0.00011372154403943568
    ],
    [
      -5.194360710447654e-05,
      -5.44208160135895e-06,
      -6.526725337607786e-05
    ],
    [
      -0.3022112250328064,
      -0.2833820581436157,
      0.35636839270591736
    ],
    [
      4.102072125533596e-05,
      -0.08620527386665344,
      -0.1689702868461609
    ],
    [
      0.000122561032185331,
      0.000172310828929767,
      -7.083005039021373e-05
    ],
    [
      0.1471690982580185,
      0.04991399869322777,
      -0.7061190605163574
    ],
    [
      -0.29046252369880676,
      0.4017382562160492,
      -0.022151850163936615
    ],
    [
      -0.1697228103876114,
      -0.23075556755065918,
      0.2775309085845947
    ],
    [
      0.00900361593812704,
      0.24787211418151855,
      -0.540671706199646
    ],
    [
      -0.0010503876255825162,
      0.19650885462760925,
      0.3103775382041931
    ],
    [
      0.4049816131591797,
      -0.00022104251547716558,
      -0.1447020024061203
    ],
    [
      0.00021969355293549597,
      0.06397278606891632,
      -0.0006634783931076527
    ]
  ],
  "fc1.bias": [
    0.799847424030304,
    0.04741980880498886,
    1.8313297914573923e-05,
    -7.301789446501061e-05,
    0.00020955046056769788,
    -4.8428071750095114e-05,
    1.1618707180023193,
    -6.7471410147845745e-06,
    -2.845367453119252e-05,
    -1.3561686277389526,
    0.7071820497512817,
    0.6841491460800171,
    -0.9476764798164368,
    0.9548417329788208,
    -0.00018566582002677023,
    0.4107859134674072
  ],
  "fc2.weight": [
    [
      0.05913670361042023,
      -0.09506944566965103,
      0.27588772773742676,
      6.134686555014923e-05,
      0.00010754448885563761,
      6.372850475599989e-05,
      -0.29229244589805603,
      4.7868055844446644e-05,
      2.3417424017679878e-05,
      0.3168684244155884,
      0.01393064484000206,
      -0.0009590571280568838,
      0.1702919453382492,
      0.00010080282663693652,
      0.04990777000784874,
      9.885734471026808e-05
    ],
    [
      0.0001668957993388176,
      -0.16606639325618744,
      0.001153071178123355,
      -0.0002994218375533819,
      2.7849277103086933e-05,
      9.89659019978717e-06,
      -0.13460808992385864,
      0.0005292182322591543,
      0.0001253569935215637,
      8.913915371522307e-05,
      0.0249656792730093,
      -0.09254354238510132,
      0.0069595156237483025,
      -0.0001672019570833072,
      0.0010404314380139112,
      0.1466798335313797
    ],
    [
      -1.1980884075164795,
      0.0004999652737751603,
      -0.00036939780693501234,
      -5.714585859095678e-05,
      -5.621615855488926e-06,
      -0.00019881284970324486,
      1.8973667465616018e-05,
      0.00015464998432435095,
      -9.02462998055853e-05,
      0.1333557516336441,
      -0.0001053806918207556,
      0.00016965411487035453,
      0.3923585116863251,
      -0.33982133865356445,
      -0.00013516232138499618,
      -0.00013433412823360413
    ],
    [
      0.09587016701698303,
      -0.0015178328612819314,
      0.0017334078438580036,
      0.00017722909979056567,
      0.00022313148656394333,
      -0.00011641231685644016,
      -0.4297199249267578,
      -0.00010958511848002672,
      0.00023784968652762473,
      0.3405539095401764,
      0.000618833932094276,
      -0.10665024071931839,
      0.2110208421945572,
      2.078236866509542e-05,
      0.25290167331695557,
      1.081985465134494e-05
    ],
    [
      -0.10155001282691956,
      0.0008622800232842565,
      -0.000819399137981236,
      6.4699052018113434e-06,
      -4.307222843635827e-05,
      0.00015404168516397476,
      0.00019453358254395425,
      -0.0003833484370261431,
      -6.888088682899252e-05,
      0.04752194881439209,
      -0.4586949050426483,
      0.0003141141787637025,
      -7.480435306206346e-05,
      -0.4028158485889435,
      -0.0005837736534886062,
      -1.9514194718794897e-05
    ],
    [
      1.7058919183909893e-06,
      -0.0006922085885889828,
      4.787171201314777e-05,
      4.071206785738468e-05,
      -0.0001825993531383574,
      -9.438444976694882e-06,
      9.463069727644324e-05,
      0.00010976931662298739,
      9.439785935683176e-05,
      -0.43470802903175354,
      0.8197456002235413,
      5.072716157883406e-05,
      -0.00016714683442842215,
      0.7518843412399292,
      -0.0001347708748653531,
      0.16148866713047028
    ],
    [
      -0.2767394185066223,
      0.1048533096909523,
      -0.02896060235798359,
      0.00022329145576804876,
      -0.0002595147234387696,
      -9.333441994385794e-05,
      0.21585364639759064,
      -0.00021476154506672174,
      -8.259128662757576e-05,
      -0.29814836382865906,
      -0.00011185414768988267,
      0.022816650569438934,
      -0.15052546560764313,
      8.463006452075206e-06,
      -0.1343315988779068,
      -8.379101927857846e-05
    ],
    [
      0.00014206269406713545,
      -0.000885709305293858,
      0.0009560954058542848,
      2.8209993615746498e-05,
      -2.3885691916802898e-05,
      5.7860212109517306e-05,
      -0.0002580443397164345,
      0.0003578985342755914,
      0.00029569159960374236,
      6.699653749819845e-05,
      0.00017020065570250154,
      -0.00041413167491555214,
      0.00016904706717468798,
      0.06837376207113266,
      0.0008718818426132202,
      0.022148290649056435
    ],
    [
      -0.0001317954738624394,
      0.0009129078243859112,
      -0.0009935763664543629,
      6.547885277541354e-06,
      -9.529350063530728e-05,
      1.9435239664744586e-05,
      0.0002758043119683862,
      -0.00036507839104160666,
      -0.00011025879939552397,
      -6.728890730300918e-05,
      -0.00017342080536764115,
      0.00041122722905129194,
      -0.00016965900431387126,
      5.062200580141507e-05,
      -0.0008677433943375945,
      -3.174956873408519e-05
    ],
    [
      -0.05170576646924019,
      0.0010368428193032742,
      -0.001126574818044901,
      0.00014469104644376785,
      3.0110866646282375e-05,
      -6.393805233528838e-05,
      0.3740091025829315,
      3.95365605072584e-05,
      -0.00017395548638887703,
      -0.18117204308509827,
      -0.00037698971573263407,
      0.2089257687330246,
      -0.26660123467445374,
      -1.920125214383006e-07,
      -0.2846262454986572,
      -5.236853758106008e-05
    ],
    [
      0.00019815107225440443,
      -0.1875147521495819,
      0.0013436733279377222,
      -0.00030450723716057837,
      0.0003700082306750119,
      -4.225165321258828e-05,
      -0.2031705528497696,
      0.0003184323140885681,
      0.00019000816973857582,
      1.8814796931110322e-05,
      0.0051805791445076466,
      -0.18683429062366486,
      0.00028438036679290235,
      -7.879166514612734e-05,
      0.10009066015481949,
      3.123572241747752e-05
    ],
    [
      0.0011186221381649375,
      0.00039157981518656015,
      0.0010129290167242289,
      0.00014048063894733787,
      -4.76836648886092e-05,
      0.00018475511751603335,
      0.9931972622871399,
      0.00040061151958070695,
      2.7057554689235985e-05,
      -2.182088851928711,
      -0.0011275664437562227,
      0.0948721244931221,
      -0.7007756233215332,
      0.0010776103008538485,
      0.0009451968362554908,
      -0.00028320011915639043
    ],
    [
      0.0001644749427214265,
      0.0002780934446491301,
      1.3384104022406973e-05,
      9.807274909690022e-05,
      0.00013924561790190637,
      0.0001034419983625412,
      0.00022139117936603725,
      0.0001207865570904687,
      -1.205320586450398e-05,
