{
  "fc1.weight": [
    [
      -2.0307998056523502e-05,
      2.1840889530722052e-05
    ],
    [
      -0.0007869241526350379,
      6.785837467759848e-05
    ],
    [
      0.6027622818946838,
      -0.3725474178791046
    ],
    [
      0.46148329973220825,
      -0.4734167456626892
    ],
    [
      0.43755248188972473,
      0.45533210039138794
    ],
    [
      -6.810609193053097e-05,
      -4.2055005906149745e-05
    ],
    [
      -1.2141514162067324e-05,
      0.0002472008054610342
    ],
    [
      -0.538151204586029,
      0.3504944145679474
    ],
    [
      -0.807413637638092,
      -0.3318483531475067
    ],
    [
      -0.24556691944599152,
      -0.47427329421043396
    ],
    [
      -0.18429605662822723,
      0.42907190322875977
    ],
    [
      0.6792122721672058,
      0.6997647881507874
    ],
    [
      -0.0013445474905893207,
      -0.08789011836051941
    ],
    [
      -0.3416843116283417,
      -0.8160268664360046
    ],
    [
      0.3288145959377289,
      -0.6046977639198303
    ],
    [
      0.00011039389937650412,
      0.0002695731236599386
    ]
  ],
  "fc1.bias": [
    -5.1905873988289386e-05,
    0.4853373169898987,
    1.47787344455719,
    -0.7887483239173889,
    -0.00044031310244463384,
    0.00013105203106533736,
    0.00015764095587655902,
    -1.3156633377075195,
    -0.5350640416145325,
    -9.213844896294177e-05,
    0.8278153538703918,
    -0.21015965938568115,
    -0.0009984556818380952,
    -0.5413447618484497,
    -1.1988412141799927,
    -2.564763417467475e-05
  ],
  "fc2.weight": [
    [
      -0.00016575513291172683,
      -0.00034924608189612627,
      -0.00030193381826393306,
      0.01678488962352276,
      0.00026995717780664563,
      1.0907103387580719e-05,
      -0.00023740515462122858,
      0.00027058273553848267,
      -0.0009344156133010983,
      -0.00011976798850810155,
      -0.0006907959468662739,
      0.0003879521682392806,
      -0.00038765999488532543,
      -8.605807670392096e-05,
      0.00047894829185679555,
      1.9525279640220106e-05
    ],
    [
      -2.6078996597789228e-05,
      -0.00034164678072556853,
      -0.00028163724346086383,
      0.0007653230568394065,
      0.00027796579524874687,
      -0.00011747142707463354,
      -0.00012123951455578208,
      -0.005296697840094566,
      -0.0005708219250664115,
      -0.00028533770819194615,
      -0.0003274697228334844,
      0.00023857997439336032,
      -0.0005440207896754146,
      -0.10315904766321182,
      -0.2485477328300476,
      -3.082672992604785e-05
    ],
    [
      0.00013234368816483766,
      -0.00013310607755556703,
      0.00015419172996189445,
      -0.00010773558460641652,
      0.00033890086342580616,
      -1.9327984773553908e-05,
      2.7949299692409113e-06,
      -0.00013721124560106546,
      -0.00031850067898631096,
      7.280142017407343e-05,
      -0.000196560169570148,
      1.691954821581021e-06,
      0.0001262741134269163,
      -1.2250238796696067e-05,
      0.0004222489078529179,
      -0.00018730912415776402
    ],
    [
      0.0001843596837716177,
      -0.0003537071752361953,
      -0.00033718629856593907,
      0.009970600716769695,
      0.0001461339124944061,
      -9.475546903559007e-06,
      6.019006104907021e-05,
      0.027401404455304146,
      -0.0008994634263217449,
      0.00014771049609407783,
      -0.09938978403806686,
      0.11384288966655731,
      -0.00029010354774072766,
      6.755530193913728e-06,
      0.0005397390923462808,
      6.275744817685336e-05
    ],
    [
      -0.0004625949077308178,
      0.0002789846621453762,
      0.0001620174734853208,
      -0.0011917076772078872,
      -5.015208444092423e-05,
      -3.4056771255563945e-05,
      0.0001482638908782974,
      -0.0001393752172589302,
      0.2325371652841568,
      -0.0001868229592218995,
      0.0005219821468926966,
      -0.2100972980260849,
      0.00028527816175483167,
      3.096775617450476e-05,
      -0.0004143546393606812,
      -6.411629146896303e-05
    ],
    [
      -6.416128599084914e-05,
      -0.11253336817026138,
      0.8561739325523376,
      -0.573239803314209,
      0.40132907032966614,
      2.7720929210772738e-05,
      7.507926056860015e-05,
      -0.7728192806243896,
      -0.4798474609851837,
      -0.09945542365312576,
      0.14424732327461243,
      0.23228977620601654,
      -7.364770135609433e-05,
      -0.4357728362083435,
      -0.38955041766166687,
      -0.00010056039172923192
    ],
    [
      -0.00019739719573408365,
      0.00021306477719917893,
      -6.536917499033734e-05,
      -0.0001317849673796445,
      0.00015085336053743958,
      3.05682624457404e-06,
      6.440853758249432e-05,
      0.0001039531925925985,
      -2.8492115234257653e-05,
      7.79366455390118e-05,
      0.0001624611031729728,
      4.486638317757752e-06,
      0.00034577984479255974,
      0.0001467943366151303,
      7.381942123174667e-05,
      0.00011438009823905304
    ],
    [
      0.00014233269030228257,
      0.16042111814022064,
      0.0003601436910685152,
      -0.0016041490016505122,
      -0.00027470290660858154,
      2.1932235540589318e-05,
      -0.00020490078895818442,
      -0.000325150991557166,
      0.0008488608291372657,
      0.00010424022912047803,
      0.0008166737970896065,
      -0.0003637347836047411,
      0.0004966456908732653,
      6.134153954917565e-05,
      -0.0005120653659105301,
      -0.00039625022327527404
    ],
    [
      -0.0003167010727338493,
      -0.00028888278757221997,
      -0.00029785180231556296,
      0.0008691077237017453,
      0.00027784856501966715,
      -1.6528134437976405e-05,
      -0.00013030787522438914,
      0.0002636118733789772,
      -0.0005780261708423495,
      -0.00022137635096441954,
      -0.0003996372106485069,
      0.00025434658164158463,
      -0.00040613068267703056,
      -0.00012076606071786955,
      0.00041308352956548333,
      -0.0003362121060490608
    ],
    [
      3.6027951864525676e-05,
      -0.0001446187379769981,
      0.37143421173095703,
      -0.3101917803287506,
      0.3521537780761719,
      -3.5773220588453114e-05,
      -9.61483019636944e-05,
      -0.29991433024406433,
      -0.04874449595808983,
      -0.21525320410728455,
      -0.0002855596540030092,
      0.2612684369087219,
      -0.00011045449355151504,
      -0.04982255771756172,
      -0.13102200627326965,
      -0.00014144956367090344
    ],
    [
      0.0004208149330224842,
      -1.722970773698762e-05,
      -0.00011591146176215261,
      4.627329690265469e-05,
      -0.00017828491399995983,
      -4.206818630336784e-05,
      2.2062860807636753e-05,
      0.0001877104805316776,
      0.00010676157398847863,
      0.00012918366701342165,
      3.338767419336364e-05,
      -6.321386899799109e-05,
      -0.00014885395648889244,
      -0.0002609762304928154,
      -0.00011745338269975036,
      -0.00010345868940930814
    ],
    [
      -0.0001079421053873375,
      -0.0006713218754157424,
      -0.3020646274089813,
      0.48102784156799316,
      -0.0013190722092986107,
      2.0408951968420297e-05,
      0.0003872173838317394,
      0.41882017254829407,
      0.3635587990283966,
      0.12463505566120148,
      -1.0151641368865967,
      -0.0011922289850190282,
      0.07122670859098434,
      0.8286915421485901,
      1.8247437477111816,
      1.4974808436818421e-05
    ],
    [
      1.905539829749614e-05,
      4.189500032225624e-05,
      8.569148485548794e-05,
      0.00026785716181620955,
      -0.0001119591252063401,
      3.722540714079514e-05,
      -3.1660496460972354e-05,
      -0.00035299165756441653,
      0.0001903059019241482,
      5.6397359003312886e-05,
      8.195511327357963e-06,
      0.00011791589349741116,
      -4.6756191295571625e-05,
      -6.62371348880697e-06,
      -0.0001299977593589574,
      -7.991140591911972e-05
    ],
    [
      9.506911010248587e-05,
      0.0003323191776871681,
      0.00036185685894452035,
      -0.013357505202293396,
      -7.215424557216465e-05,
