{
  "fc1.weight": [
    [
      0.47192496061325073,
      0.7860103845596313
    ],
    [
      -0.04190914332866669,
      0.0017965916777029634
    ],
    [
      -0.9960205554962158,
      0.28731951117515564
    ],
    [
      -0.0003936313441954553,
      0.47940191626548767
    ],
    [
      -0.0794370248913765,
      0.7800263166427612
    ],
    [
      0.7305986285209656,
      -0.09027889370918274
    ],
    [
      0.04419130086898804,
      0.6913858652114868
    ],
    [
      -0.0012681166408583522,
      0.00322852679528296
    ],
    [
      0.12378545850515366,
      0.060700442641973495
    ],
    [
      -0.5456808805465698,
      -0.4847961664199829
    ],
    [
      -0.08950956910848618,
      -0.513201892375946
    ],
    [
      -0.504671573638916,
      0.5942311882972717
    ],
    [
      0.6968298554420471,
      -0.2853226065635681
    ],
    [
      -0.6318326592445374,
      -0.29303205013275146
    ],
    [
      -0.32832127809524536,
      -0.1785956472158432
    ],
    [
      -0.1379367858171463,
      0.5828139185905457
    ]
  ],
  "fc1.bias": [
    0.27094805240631104,
    1.060700535774231,
    -0.6415184736251831,
    0.6391173005104065,
    1.1187419891357422,
    1.1046314239501953,
    0.7107035517692566,
    0.925700843334198,
    -0.8622275590896606,
    0.37613534927368164,
    -0.4021129012107849,
    1.1837962865829468,
    -0.3387705981731415,
    -0.25923100113868713,
    0.05522655323147774,
    -0.6809029579162598
  ],
  "fc2.weight": [
    [
      0.050984837114810944,
      -0.20364725589752197,
      0.06358636170625687,
      -0.0012792921625077724,
      0.42562335729599,
      0.4612818956375122,
      -0.0012603984214365482,
      -0.19199040532112122,
      0.06408343464136124,
      -0.27847400307655334,
      0.0020403950475156307,
      0.46287068724632263,
      0.0002646729117259383,
      -0.3125825822353363,
      -3.1822397431824356e-05,
      -0.2987719774246216
    ],
    [
      -0.5142927169799805,
      -0.47507601976394653,
      0.03976769372820854,
      -0.5152837038040161,
      -1.7802298069000244,
      -0.10087365657091141,
      -0.47265663743019104,
      -0.34433919191360474,
      0.2965571880340576,
      0.0032668146304786205,
      0.14147120714187622,
      -1.3904505968093872,
      0.1162608191370964,
      -0.0035472745075821877,
      -0.00015055850963108242,
      0.6199494004249573
    ],
    [
      0.08579805493354797,
      -0.138920396566391,
      0.04148378223180771,
      0.06527574360370636,
      0.30887913703918457,
      0.24625711143016815,
      0.18265317380428314,
      -0.0892212763428688,
      0.009021453559398651,
      -0.26052045822143555,
      -0.07320310920476913,
      0.08363310247659683,
      -0.10986964404582977,
      -0.4974404275417328,
      -0.2506205439567566,
      -0.21168304979801178
    ],
    [
      -0.0021702067460864782,
      -0.39626559615135193,
      0.18882328271865845,
      -0.06438077986240387,
      -0.003246895968914032,
      -0.00013123649114277214,
      -0.004469374660402536,
      -0.42125174403190613,
      0.426150381565094,
      -0.0011563361622393131,
      0.0028403745964169502,
      -0.10043718665838242,
      0.0015461036236956716,
      0.0003257260250393301,
      3.08764138026163e-05,
      -0.0006666895933449268
    ],
    [
      -0.001952416612766683,
      -0.24084706604480743,
      0.5496639609336853,
      -0.2238525152206421,
      -0.263390451669693,
      -0.3284546434879303,
      -0.6239392161369324,
      -0.2933092713356018,
      0.147665336728096,
      -0.008729892782866955,
      0.228491872549057,
      0.023866772651672363,
      -0.15968656539916992,
      0.003372709034010768,
      0.0018716627964749932,
      -0.11117223650217056
    ],
    [
      0.06571885943412781,
      -0.11175735294818878,
      0.2726724445819855,
      -0.2820024788379669,
      -0.18657712638378143,
      -0.018141943961381912,
      -0.07025767117738724,
      -0.27492403984069824,
      0.4615771174430847,
      -0.028889071196317673,
      0.012906632386147976,
      0.12826649844646454,
      -0.005816229153424501,
      0.0006527426303364336,
      0.00022594218899030238,
      -0.08862107247114182
    ],
    [
      0.1229301393032074,
      -0.35515499114990234,
      0.11743060499429703,
      0.1754276603460312,
      0.3341037929058075,
      1.3710960149765015,
      0.26428425312042236,
      -0.049779217690229416,
      0.42198583483695984,
      -0.31027841567993164,
      -0.018918143585324287,
      0.681039035320282,
      -0.4243040680885315,
      -0.7641955018043518,
      -0.44654446840286255,
      -0.7527015805244446
    ],
    [
      0.09343903511762619,
      -0.25481149554252625,
      0.02489391714334488,
      -0.0006060610176064074,
      0.5125852823257446,
      0.5712552666664124,
      0.18847230076789856,
      -0.10439245402812958,
      0.2395573854446411,
      -0.2745382487773895,
      -0.24380750954151154,
      0.41345322132110596,
      -0.04172132536768913,
      -0.45439574122428894,
      -0.2138223499059677,
      -0.39518478512763977
    ],
    [
      -0.20016413927078247,
      -0.12695194780826569,
      -0.0004602341796271503,
      -0.0030044775921851397,
      -0.7501739859580994,
      0.00028290104819461703,
      -0.002513662911951542,
      -8.231526589952409e-05,
      1.6414342098869383e-05,
      0.0010984140681102872,
      0.0017175218090415,
      -0.8024742603302002,
      0.00015620322665199637,
      0.0006532878614962101,
      0.00092489761300385,
      0.24593539535999298
    ],
    [
      0.00010995239426847547,
      -6.372344796545804e-05,
      1.723653986118734e-05,
      -2.3213673557620496e-05,
      -8.571578655391932e-05,
      -7.886085222708061e-05,
      7.066280522849411e-05,
      0.00020060420501977205,
      -0.00012072610843461007,
      7.761918823234737e-07,
      9.290973684983328e-05,
      4.357075158623047e-05,
      -2.7155299903824925e-05,
      2.079140358546283e-05,
      -0.0001065001415554434,
      9.02501487871632e-05
    ],
    [
      0.21073408424854279,
      -0.00021783598640467972,
      -0.0021968260407447815,
      -0.0012842632131651044,
      0.11314818263053894,
      0.1616346687078476,
      -0.13019730150699615,
      0.003961536101996899,
      0.12346988171339035,
      -0.23787783086299896,
      0.0021239190828055143,
      0.2048824429512024,
      -0.1984563022851944,
      -0.023689957335591316,
      2.910013063228689e-05,
      -0.14929112792015076
    ],
    [
      0.0014484641142189503,
      0.4692232310771942,
      -0.3321266770362854,
      0.14725367724895477,
      0.12958461046218872,
      0.22595037519931793,
      0.3963685929775238,
      0.3205084800720215,
      -0.1564527302980423,
      0.000276359700364992,
      -0.15620923042297363,
      -0.00032033846946433187,
      0.0005125626921653748,
      -0.0013337971176952124,
      -0.0005851432215422392,
      0.000833126250654459
    ],
    [
      2.364712236158084e-05,
      -4.471911961445585e-05,
      4.9687601858749986e-05,
      0.00012723579129669815,
      -1.4426619600271806e-05,
      -4.086514672962949e-05,
      6.373814539983869e-05,
      5.2131526899756864e-05,
      0.00011740957415895537,
      -3.917771755368449e-05,
      7.906123937573284e-05,
      5.786572728538886e-06,
      7.339943840634078e-05,
      4.414569411892444e-05,
      -6.249875877983868e-05,
      6.206175748957321e-05
    ],
    [
      3.802496212301776e-05,
      -4.061795334564522e-05,
      -6.797110836487263e-05,
      9.755539940670133e-05,
      -0.00012200773926451802,
      9.876725380308926e-05,
      2.7205300284549594e-05,
      0.00011191017983946949,
      -7.270988135132939e-06,
      -5.936545130680315e-05,
      2.2087871911935508e-05,
      9.498707368038595e-05,
      -2.1434796508401632e-05,
      -0.00010797937284223735,
      -3.387446122360416e-05,
      0.00023806332319509238
