{
  "fc1.weight": [
    [
      -0.3712827265262604,
      0.7710172533988953
    ],
    [
      -0.12030035257339478,
      -0.09974829107522964
    ],
    [
      -0.00010213673522230238,
      4.459536648937501e-05
    ],
    [
      -3.2749354431871325e-05,
      -8.758340845815837e-05
    ],
    [
      -0.4551563560962677,
      -0.4977863132953644
    ],
    [
      0.30559635162353516,
      0.5484859943389893
    ],
    [
      0.4575616419315338,
      -0.4558575749397278
    ],
    [
      0.784019947052002,
      0.17207376658916473
    ],
    [
      -0.35680392384529114,
      -0.3463283181190491
    ],
    [
      -0.6094220876693726,
      -0.18726244568824768
    ],
    [
      0.31146836280822754,
      0.4107328951358795
    ],
    [
      0.5304387211799622,
      -0.23620353639125824
    ],
    [
      -0.5671101212501526,
      -0.5789653658866882
    ],
    [
      -0.00012900680303573608,
      -0.0005270694382488728
    ],
    [
      0.31633731722831726,
      0.36284685134887695
    ],
    [
      -0.24140959978103638,
      0.37413617968559265
    ]
  ],
  "fc1.bias": [
    1.8387333154678345,
    -0.4547642767429352,
    3.0623785278294235e-05,
    9.703452087705955e-05,
    -0.00030389835592359304,
    0.0010190348839387298,
    0.9515435695648193,
    0.919892430305481,
    -0.0003420207358431071,
    -0.1725906878709793,
    0.00044795998837798834,
    1.1533434391021729,
    0.42827650904655457,
    0.5945085287094116,
    -0.16085341572761536,
    0.5194386839866638
  ],
  "fc2.weight": [
    [
      4.850936966249719e-05,
      -0.00032760019530542195,
      -0.00011523443390615284,
      3.7085977965034544e-05,
      6.152130663394928e-05,
      0.0001711680815787986,
      -0.00017131087952293456,
      0.00016636658983770758,
      4.428673128131777e-05,
      -1.9664570572786033e-05,
      -0.00018521495803724974,
      -1.5821042325114831e-06,
      9.421049617230892e-05,
      -8.684131171321496e-05,
      0.00010397623555036262,
      2.0083178242202848e-05
    ],
    [
      -0.0002920895640272647,
      9.434370440430939e-05,
      4.7498415369773284e-05,
      -2.6980487746186554e-05,
      -0.00027330804732628167,
      0.00032172055216506124,
      -0.0009003427694551647,
      -0.0003373758518137038,
      -0.0002353581803617999,
      0.0005463288398459554,
      0.00040655373595654964,
      -0.0006094815325923264,
      -3.012747401953675e-05,
      -0.00015186874952632934,
      0.000184097996680066,
      0.00038831180427223444
    ],
    [
      -1.240265965461731,
      0.0005128310876898468,
      0.0001297465933021158,
      -2.5744207960087806e-05,
      0.2759734094142914,
      -0.10387558490037918,
      -0.7304429411888123,
      -0.03416816145181656,
      0.12162580341100693,
      0.11917749792337418,
      -0.036499183624982834,
      -0.28402823209762573,
      0.41929882764816284,
      0.3862834572792053,
      -0.04990539327263832,
      -0.07473545521497726
    ],
    [
      -1.1569063644856215e-05,
      0.0003231732698623091,
      -6.956557626836002e-06,
      -8.14211307442747e-05,
      0.000294604804366827,
      -9.618106560083106e-05,
      0.00023528253950644284,
      -0.00020934919302817434,
      0.00016528373816981912,
      9.378028335049748e-05,
      2.0844039681833237e-05,
      -3.784931686823256e-05,
      4.894445009995252e-05,
      0.00026377118774689734,
      -0.00013814422709401697,
      4.246143362252042e-05
    ],
    [
      -1.6151758432388306,
      0.0007867300882935524,
      0.00014518064563162625,
      0.0002822824753820896,
      0.2493125945329666,
      -0.6315879821777344,
      -0.0002127733314409852,
      -0.5167178511619568,
      0.0009855240350589156,
      0.449824720621109,
      -0.31765544414520264,
      -0.07032615691423416,
      0.3107948303222656,
      -0.00039550085784867406,
      -0.13659536838531494,
      -0.21013367176055908
    ],
    [
      -0.7886248230934143,
      0.00015123363118618727,
      0.0001946100383065641,
      -0.00010073418525280431,
      0.43268200755119324,
      -0.06788496673107147,
      -0.36239954829216003,
      -0.00024342749384231865,
      0.09189306944608688,
      0.03930456563830376,
      -0.25384584069252014,
      -0.1999276578426361,
      0.1752801388502121,
      0.15189093351364136,
      -0.23011165857315063,
      -0.048310860991477966
    ],
    [
      0.0002560296270530671,
      -0.07279951125383377,
      -0.00015341051039285958,
      8.931920456234366e-05,
      0.00035453186137601733,
      -0.0005680304020643234,
      0.001013617031276226,
      0.09683120995759964,
      0.00031711667543277144,
      -0.10154321044683456,
      -0.0004519828944467008,
      0.0006178729236125946,
      0.00015723980322945863,
      0.20122317969799042,
      -0.00032728153746575117,
      -0.00029875815380364656
    ],
    [
      -0.00029857881600037217,
      0.1399785876274109,
      0.00016553747991565615,
      -0.0004039918421767652,
      -0.00023998290998861194,
      0.000473306339699775,
      -0.0010313394013792276,
      -0.11917146295309067,
      -0.00028111430583521724,
      0.0006012647645547986,
      0.0003984177019447088,
      -0.0006108342204242945,
      -0.00011645581980701536,
      -0.00024711573496460915,
      0.00024803169071674347,
      0.00022003811318427324
    ],
    [
      -0.25284793972969055,
      5.514622898772359e-05,
      -3.2205214665737e-05,
      -7.057408947730437e-05,
      0.0005164918839000165,
      -0.10720700770616531,
      -0.1660425364971161,
      0.0001509932044427842,
      0.055996257811784744,
      -0.0004406350199133158,
      -0.0006450402433983982,
      0.000264058297034353,
      0.4813562333583832,
      0.00017333881987724453,
      -0.19762647151947021,
      -0.22872593998908997
    ],
    [
      -0.0003048779326491058,
      0.0002211444079875946,
      5.170077201910317e-05,
      -1.00264951470308e-05,
      0.0001748801878420636,
      0.000271861586952582,
      -4.54826295026578e-06,
      -2.9670016374439e-05,
      0.00010518266935832798,
      -0.00021620147163048387,
      4.93526276841294e-05,
      -0.0001234399969689548,
      -0.0001756439742166549,
      0.00013882170605938882,
      0.00011965814337600023,
      0.0001537937205284834
    ],
    [
      0.0002599967992864549,
      -0.13905343413352966,
      5.284884537104517e-06,
      8.226821228163317e-05,
      0.00029550096951425076,
      -0.0005100148264318705,
      0.0010013426654040813,
      0.2099258005619049,
      0.00031176774064078927,
      -0.0006048969808034599,
      -0.00043424402247183025,
      0.0006220563664101064,
      0.00013946705439593643,
      0.0950884148478508,
      -0.00028196797939017415,
      -0.00024845634470693767
    ],
    [
      -1.873265136964619e-05,
      0.00014169666974339634,
      -9.940718882717192e-05,
      -0.00010719838610384613,
      0.0001711994264042005,
      9.789555770112202e-05,
      -6.0500078689074144e-05,
      4.449058906175196e-06,
      -0.00017139289411716163,
      5.554787639994174e-05,
      -3.873963578371331e-05,
      -0.0003895182453561574,
      -0.0002315068559255451,
      -0.00012955136480741203,
      -0.0002348502748645842,
      -0.00012542546028271317
    ],
    [
      -0.535041332244873,
      0.0014436000492423773,
      -4.0150433051167056e-05,
      -3.52466304320842e-05,
      -0.000520703149959445,
      -6.151635898277164e-05,
      -0.6190832853317261,
      -1.2380119562149048,
      -0.0008602961897850037,
      -0.0006337176309898496,
      0.00023480335948988795,
      -1.8947583436965942,
      -0.0013835106510668993,
      -0.0015430327039211988,
      0.0009463172173127532,
      -0.0031954937148839235
    ],
    [
      0.00032981816912069917,
      -0.00010619084059726447,
      0.00013066486280877143,
      0.0003143571375403553,
      0.00017715767899062485,
      -0.0003677542554214597,
      0.0010145078413188457,
