{
  "fc1.weight": [
    [
      -0.17356285452842712,
      -0.5159273147583008
    ],
    [
      -0.16525936126708984,
      1.0000569820404053
    ],
    [
      0.24105645716190338,
      -0.00028335090610198677
    ],
    [
      -0.4699525237083435,
      0.6847075819969177
    ],
    [
      -0.30683407187461853,
      -0.6209801435470581
    ],
    [
      -0.3076176047325134,
      0.5678350925445557
    ],
    [
      0.21169693768024445,
      0.5991488695144653
    ],
    [
      0.6539032459259033,
      0.6879866123199463
    ],
    [
      3.1399493309436366e-05,
      -0.00010415304859634489
    ],
    [
      0.32055991888046265,
      -0.8751702904701233
    ],
    [
      0.5265993475914001,
      -0.0630020871758461
    ],
    [
      -0.3943045139312744,
      -0.18260954320430756
    ],
    [
      -5.219713784754276e-05,
      -0.00017611061048228294
    ],
    [
      -0.00018209012341685593,
      3.8141548429848626e-05
    ],
    [
      -0.4073945879936218,
      -0.625369668006897
    ],
    [
      -0.15161731839179993,
      -0.6727718114852905
    ]
  ],
  "fc1.bias": [
    -0.15709328651428223,
    -1.1085314750671387,
    -0.7200295329093933,
    0.5766738057136536,
    -0.07339423894882202,
    1.4866784811019897,
    0.21837419271469116,
    -0.6961292028427124,
    6.709011358907446e-06,
    0.19045940041542053,
    1.1812303066253662,
    0.852329432964325,
    0.0001398338208673522,
    -0.00023270092788152397,
    0.0002332516887690872,
    -0.5816137194633484
  ],
  "fc2.weight": [
    [
      6.93260517437011e-05,
      0.13002564013004303,
      -0.2486521601676941,
      0.4457210302352905,
      0.000497014494612813,
      -0.0006367909372784197,
      -0.00036956812255084515,
      -0.16163679957389832,
      -2.5080254999920726e-05,
      -0.20458073914051056,
      0.03850052133202553,
      0.2881990373134613,
      7.971853483468294e-05,
      3.081079921685159e-05,
      0.0006161498604342341,
      0.0007638935931026936
    ],
    [
      0.00011103508586529642,
      -0.1349046677350998,
      8.949342009145766e-05,
      -0.0001208227185998112,
      -3.6685778468381613e-06,
      -0.00011829852883238345,
      -8.395646000280976e-05,
      0.0003129152173642069,
      0.0001474831224186346,
      6.0764366935472935e-05,
      4.4566841097548604e-05,
      -0.0001446169917471707,
      0.00041357046575285494,
      -0.0001763584150467068,
      -4.435059963725507e-05,
      0.00015161713236011565
    ],
    [
      -0.148569256067276,
      -0.015776483342051506,
      -0.25058671832084656,
      0.000166502344654873,
      -0.05482438951730728,
      1.137830138206482,
      0.09284806251525879,
      0.00012970116222277284,
      -4.518475179793313e-06,
      0.00032824132358655334,
      9.437969129066914e-05,
      0.00032361046760343015,
      6.594695150852203e-06,
      -8.765515667619184e-05,
      -0.0005283564096316695,
      -0.3501160740852356
    ],
    [
      -0.00021195919543970376,
      -0.5835574865341187,
      0.00041101587703451514,
      -0.18502157926559448,
      -0.11134906858205795,
      -2.952969225589186e-05,
      0.10018841922283173,
      0.05657319352030754,
      1.417911880707834e-05,
      0.2831730544567108,
      -0.18793508410453796,
      -0.0005127317272126675,
      -2.6736996005638503e-05,
      4.698654811363667e-05,
      -0.34967532753944397,
      -0.06611800193786621
    ],
    [
      -0.00016306282486766577,
      7.061821816023439e-05,
      0.00020370696438476443,
      5.1867446018150076e-05,
      0.0002235436113551259,
      -5.178259016247466e-05,
      0.00016369974764529616,
      0.00029089953750371933,
      -0.00011519571125973016,
      -8.391874871449545e-05,
      3.830303467111662e-05,
      8.939225517679006e-05,
      -2.621069143060595e-06,
      4.218947287881747e-05,
      7.565118721686304e-05,
      -2.9344475478865206e-05
    ],
    [
      0.00025709765031933784,
      0.0017026145942509174,
      -1.1663127224892378e-05,
      0.0008999661658890545,
      0.32262441515922546,
      -0.4885297119617462,
      -0.0379488579928875,
      -0.00037239392986521125,
      -7.3796809374471195e-06,
      -0.0005549981724470854,
      -8.410285227000713e-05,
      0.00010529732389841229,
      2.5560981157468632e-05,
      8.544152660761029e-05,
      0.000449071463663131,
      0.3271883428096771
    ],
    [
      -0.1608612984418869,
      -0.21733208000659943,
      4.0673236071597785e-05,
      -0.005743544548749924,
      -0.09421341866254807,
      0.00022261151752900332,
      0.11768779158592224,
      0.20336000621318817,
      4.512660325417528e-06,
      0.2253641039133072,
      -0.3153995871543884,
      -9.55510331550613e-05,
      -8.25208771857433e-05,
      1.1657975846901536e-05,
      -0.0006238321657292545,
      -0.003749428316950798
    ],
    [
      -0.0007278250996023417,
      -1.5057237148284912,
      -0.26757457852363586,
      0.0009991565020754933,
      -0.0007603702833876014,
      0.05227018892765045,
      0.0007541789673268795,
      -0.07354310899972916,
      -7.725601608399302e-05,
      -0.0009453719831071794,
      0.0007766550406813622,
      1.164044976234436,
      8.845311094773933e-05,
      0.00038801238406449556,
      -0.0007061176584102213,
      -0.08340487629175186
    ],
    [
      0.0001786943757906556,
      0.015578113496303558,
      -7.741680747130886e-05,
      0.03486241400241852,
      0.2383682131767273,
      -0.00010808288061525673,
      -0.0001624956785235554,
      -0.0006160845514386892,
      2.3306438379222527e-07,
      -0.020642688497900963,
      0.29040154814720154,
      0.0001562574179843068,
      0.00020566105376929045,
      -3.644749813247472e-05,
      0.0004825278010684997,
      7.265149179147556e-05
    ],
    [
      7.395766442641616e-05,
      6.785515142837539e-05,
      0.0002534235827624798,
      -0.00017933695926330984,
      5.3315488912630826e-05,
      -0.00015250589058268815,
      -9.208016854245216e-05,
      1.4581382856704295e-05,
      0.0001324533805018291,
      0.0003038933500647545,
      -5.0499525968916714e-05,
      -8.380262443097308e-06,
      9.405732998857275e-05,
      -5.3051626309752464e-05,
      -0.00016431360563728958,
      -8.47438132041134e-05
    ],
    [
      0.21311840415000916,
      0.1638089418411255,
      -0.029898427426815033,
      0.2032572478055954,
      0.015789426863193512,
      -0.13802847266197205,
      -0.3325291574001312,
      -0.0005810041911900043,
      -1.7320870028925128e-05,
      -0.4431869387626648,
      0.3380897641181946,
      4.110311419935897e-05,
      -2.311088246642612e-05,
      -1.608920138096437e-05,
      0.19178634881973267,
      0.047367386519908905
    ],
    [
      0.00038596134982071817,
      0.00010868509707506746,
      -0.3661037087440491,
      0.7783859968185425,
      0.07665584236383438,
      0.07216634601354599,
      -0.00045064440928399563,
      -0.7847318649291992,
      3.438646672293544e-05,
      -0.3299632966518402,
      0.38790175318717957,
      0.18029998242855072,
      0.0001629581383895129,
      -0.0003650351136457175,
      0.10750672966241837,
      0.0004769160004798323
    ],
    [
      0.00012214225716888905,
      -3.885496698785573e-05,
      -7.483060471713543e-05,
      0.000447251892182976,
      0.0760180801153183,
      -9.022720041684806e-05,
      -0.00012880141730420291,
      -0.17581504583358765,
      2.392397254880052e-05,
      -0.0005168189527466893,
      0.060709625482559204,
      0.0001398103777319193,
      5.7938908867072314e-05,
      1.9231432816013694e-05,
      0.00041446738759987056,
      3.434812242630869e-05
    ],
    [
      -0.053913965821266174,
      -0.000290399621007964,
      -0.009086851961910725,
      -0.0004484030941966921,
      -0.14541052281856537,
      1.076287031173706,
      0.0005047837039455771,
      2.5590488803572953e-06,
      -2.4390083126490936e-05,
