{
  "fc1.weight": [
    [
      -5.078637695987709e-05,
      0.00023707235231995583
    ],
    [
      -0.2636190354824066,
      0.6419024467468262
    ],
    [
      -0.18656401336193085,
      -0.17260301113128662
    ],
    [
      -1.4684570487588644e-05,
      0.00010562218085397035
    ],
    [
      0.0001190475159091875,
      0.00012404663721099496
    ],
    [
      -0.5810565948486328,
      -0.6165151000022888
    ],
    [
      0.18433961272239685,
      0.29267358779907227
    ],
    [
      0.0002095069212373346,
      5.598612915491685e-05
    ],
    [
      -0.6129071116447449,
      0.11114345490932465
    ],
    [
      -0.32957723736763,
      -0.3359614312648773
    ],
    [
      0.0038960096426308155,
      0.8057693839073181
    ],
    [
      0.8685785531997681,
      -0.3699849545955658
    ],
    [
      -0.37238380312919617,
      0.6478902101516724
    ],
    [
      -0.75616854429245,
      -0.20171260833740234
    ],
    [
      -0.2812514007091522,
      -0.7076124548912048
    ],
    [
      -0.30255383253097534,
      -0.31620949506759644
    ]
  ],
  "fc1.bias": [
    -0.00010502395161893219,
    1.195716381072998,
    0.6625503301620483,
    5.349536513676867e-05,
    0.2877614498138428,
    0.2841719388961792,
    0.9035379886627197,
    -0.00029967111186124384,
    -0.9707565307617188,
    0.29682183265686035,
    1.2369657754898071,
    1.9869202375411987,
    1.1634938716888428,
    -0.31739526987075806,
    -0.29763829708099365,
    0.0002385534899076447
  ],
  "fc2.weight": [
    [
      -0.00013749493518844247,
      -6.7549553932622075e-06,
      4.636203811969608e-06,
      -4.070746945217252e-05,
      8.126713510137051e-06,
      -0.00021133592235855758,
      0.16865108907222748,
      -0.00016309150669258088,
      -0.0001947757846210152,
      -0.00024277996271848679,
      0.00013395975111052394,
      6.018704152666032e-05,
      -5.4252679547062144e-05,
      -0.00019785894255619496,
      -0.0003712560865096748,
      -0.0004023344081360847
    ],
    [
      0.00014008840662427247,
      2.242766640847549e-05,
      -0.005789884366095066,
      -7.312299567274749e-05,
      -3.0833951313979924e-05,
      0.00015940549201332033,
      -0.5369074940681458,
      0.00030659083859063685,
      0.00018944093608297408,
      0.00017296982696279883,
      -0.0003348101454321295,
      -3.383398870937526e-05,
      0.00012040765432175249,
      0.00014914729399606586,
      0.0003604540543165058,
      0.00036628375528380275
    ],
    [
      -7.96245876699686e-06,
      -0.2503434717655182,
      0.42952635884284973,
      -2.1798703528475016e-05,
      -5.069857434136793e-05,
      0.22332650423049927,
      5.898097879253328e-05,
      -0.0004363639745861292,
      0.46495336294174194,
      0.2999994456768036,
      -0.5791538953781128,
      -0.9726874232292175,
      -0.2613482177257538,
      0.29270514845848083,
      0.3939628303050995,
      0.2527698576450348
    ],
    [
      -7.760592416161671e-05,
      1.2173057794570923,
      0.001035636174492538,
      0.00024966246564872563,
      0.0004938634228892624,
      0.0005948278121650219,
      0.1325640231370926,
      -4.1875746319419704e-06,
      -0.0009409307967871428,
      0.0006557559827342629,
      1.6384761333465576,
      0.3815946578979492,
      0.780674397945404,
      -0.12302550673484802,
      -0.20078447461128235,
      0.00031412311363965273
    ],
    [
      0.0002009622403420508,
      -0.0604703426361084,
      0.01369095966219902,
      -9.137823508353904e-05,
      7.930753054097295e-05,
      0.393789678812027,
      0.00020746867812704295,
      6.296385254245251e-05,
      -7.111598097253591e-05,
      0.18052752315998077,
      0.00010181295510847121,
      -0.5891973972320557,
      -0.11505494266748428,
      3.0829607567284256e-05,
      0.1142798364162445,
      -0.00013568349822890013
    ],
    [
      -0.00015174488362390548,
      2.4834444047883153e-06,
      -8.037521183723584e-06,
      0.00010874812141992152,
      -2.9392584110610187e-05,
      0.00020268422667868435,
      -0.12025171518325806,
      0.00012819599942304194,
      0.00017313900752924383,
      0.00022301555145531893,
      -0.01673821359872818,
      -3.765778092201799e-05,
      8.869143493939191e-05,
      0.00017443555407226086,
      0.00037406868068501353,
      0.00041303952457383275
    ],
    [
      -1.753878314048052e-05,
      -1.4121236745268106e-05,
      2.8967002435820177e-05,
      -0.00023035841877572238,
      5.0557329814182594e-05,
      -0.00014404935063794255,
      0.5249249339103699,
      -0.00045143530587665737,
      -0.00026984367286786437,
      -0.00016241120465565473,
      0.0024409564211964607,
      3.1764619052410126e-05,
      -0.00014861772069707513,
      -0.0001510613365098834,
      -0.00037358971894718707,
      -0.0003551369300112128
    ],
    [
      0.0001362584443995729,
      -6.501285679405555e-05,
      -6.678853242192417e-05,
      -0.00012521183816716075,
      -3.0326773412525654e-05,
      1.1471274774521589e-07,
      8.277675078716129e-05,
      0.00036562883178703487,
      -9.967180812964216e-05,
      1.3686054444406182e-05,
      0.0001328604994341731,
      -3.7276113289408386e-06,
      3.258695869590156e-05,
      -8.230991079472005e-05,
      0.00015091878594830632,
      -2.5595727493055165e-06
    ],
    [
      -0.00016510090790688992,
      1.5515834093093872e-05,
      4.406030711834319e-06,
      -0.00014386430848389864,
      3.26017034240067e-05,
      2.9331182304304093e-05,
      8.883398550096899e-08,
      -0.00012199123011669144,
      2.7156818759976886e-05,
      9.259561193175614e-05,
      8.510703992214985e-06,
      2.672230220923666e-05,
      3.601162461563945e-07,
      4.3355456000426784e-05,
      -4.3738305976148695e-05,
      -7.70338829170214e-06
    ],
    [
      9.180303459288552e-05,
      6.511365063488483e-05,
      -0.0003238431818317622,
      0.00011310289846733212,
      -3.7876321584917605e-05,
      -3.744913556147367e-05,
      0.00011798884224845096,
      -6.61151425447315e-05,
      0.00018161381012760103,
      -0.0002209396770922467,
      0.00015809318574611098,
      4.139541124459356e-05,
      -0.00012919536675326526,
      0.00022834131959825754,
      -5.5067939683794975e-06,
      -6.760324322385713e-05
    ],
    [
      0.00021535676205530763,
      -4.333960896474309e-05,
      -7.244991138577461e-06,
      -0.000116513911052607,
      1.3617991498904303e-05,
      -0.0001444052904844284,
      0.5717948079109192,
      2.1303138055372983e-05,
      -0.00028052451671101153,
      -0.0001587908191140741,
      0.000400082761188969,
      3.110742545686662e-05,
      -0.00016783433966338634,
      -0.0002202681207563728,
      -0.00033948567579500377,
      -0.0003558315511327237
    ],
    [
      -9.246407717000693e-05,
      -0.00012732500908896327,
      0.07066864520311356,
      -0.00023644158500246704,
      9.410047641722485e-05,
      0.3865871727466583,
      0.00022352032829076052,
      -0.0002649152302183211,
      -8.084917499218136e-05,
      0.16550949215888977,
      -0.03919222578406334,
      -0.29947277903556824,
      -0.23748984932899475,
      0.02512955479323864,
      -0.00016956505714915693,
      -0.00019991555018350482
    ],
    [
      -0.00018947667558677495,
      -1.0927230505330954e-05,
      -1.658434484852478e-05,
      -0.000155958128743805,
      5.466420407174155e-05,
      -1.0174017006647773e-05,
      1.1817652193713002e-05,
      -0.00010276811372023076,
      -2.2358799469657242e-06,
      -2.186313213314861e-05,
      -1.446174064767547e-05,
      7.312250545510324e-06,
      1.0779712283692788e-05,
      -4.287228421162581e-06,
      5.133733793627471e-07,
      8.318813343066722e-06
    ],
    [
      -4.877430546912365e-05,
      0.16413514316082,
      -0.00011530947813298553,
      -6.360715633491054e-05,
      -8.759877528063953e-05,
      -0.47117799520492554,
