{
  "fc1.weight": [
    [
      -0.7920649647712708,
      0.14052219688892365
    ],
    [
      0.14436635375022888,
      -0.8052115440368652
    ],
    [
      -0.6425396203994751,
      -0.6717424988746643
    ],
    [
      0.4064185917377472,
      0.38512134552001953
    ],
    [
      -0.08012218028306961,
      -0.14868564903736115
    ],
    [
      -0.975102961063385,
      -0.3559403121471405
    ],
    [
      -0.46791884303092957,
      -0.9998477101325989
    ],
    [
      0.014224652200937271,
      -0.0002209791709901765
    ],
    [
      -0.4834316074848175,
      -0.4791446924209595
    ],
    [
      0.6169608235359192,
      -0.4378410577774048
    ],
    [
      -0.3999147117137909,
      0.7334471940994263
    ],
    [
      0.4320458769798279,
      -0.468860924243927
    ],
    [
      1.093241462513106e-05,
      2.127371590177063e-05
    ],
    [
      0.13921067118644714,
      0.0970737561583519
    ],
    [
      -0.01995270699262619,
      0.3050195574760437
    ],
    [
      0.38961687684059143,
      -0.6709316372871399
    ]
  ],
  "fc1.bias": [
    -1.2569957971572876,
    -1.251007080078125,
    0.21972090005874634,
    -0.32309651374816895,
    -0.9543003439903259,
    -0.4590044319629669,
    -0.7069583535194397,
    -0.5301433205604553,
    0.4540192186832428,
    1.2933810949325562,
    1.372402548789978,
    -0.6789026260375977,
    -7.620111136930063e-05,
    -0.37088707089424133,
    0.0018197994213551283,
    -1.093468427658081
  ],
  "fc2.weight": [
    [
      -0.27424344420433044,
      -1.4935747385025024,
      -0.00041796991718001664,
      0.0003532928240019828,
      -0.20341508090496063,
      -0.19753071665763855,
      -0.5172120928764343,
      0.0005813101306557655,
      -0.0005680461181327701,
      0.40799680352211,
      1.162613034248352,
      -0.08049105852842331,
      5.233399861026555e-05,
      0.00042787202983163297,
      0.0017952435882762074,
      -0.7987837195396423
    ],
    [
      0.0011037244694307446,
      0.2038760483264923,
      0.3246181905269623,
      -0.29686957597732544,
      -0.0005820066435262561,
      0.2397059202194214,
      -0.0002886162546928972,
      -0.16183164715766907,
      0.36705833673477173,
      -0.0010436365846544504,
      -0.010273948311805725,
      0.00035671345540322363,
      -1.0746544830908533e-05,
      -0.0007101986557245255,
      -0.0009762865956872702,
      0.0009062139433808625
    ],
    [
      -0.3068837821483612,
      -0.12998923659324646,
      -0.15488126873970032,
      0.04227656498551369,
      0.028254251927137375,
      -0.24907931685447693,
      -0.28467753529548645,
      0.00048596475971862674,
      -0.32750385999679565,
      0.0015400499105453491,
      0.09034579992294312,
      -0.10119502991437912,
      -5.297350435284898e-05,
      0.03417583927512169,
      -6.803835276514292e-06,
      -0.033064939081668854
    ],
    [
      0.07566532492637634,
      0.0007822855841368437,
      0.03385619819164276,
      -0.19691000878810883,
      -0.16582022607326508,
      0.10219596326351166,
      0.3384092152118683,
      -0.07061009109020233,
      0.01077407319098711,
      -0.30749398469924927,
      -0.34933552145957947,
      0.08554395288228989,
      7.19720555935055e-05,
      -0.0002669435925781727,
      -0.00019035337027162313,
      0.13432908058166504
    ],
    [
      -0.0007104177493602037,
      -0.0004251460777595639,
      -0.0005961967981420457,
      0.0004850679251831025,
      0.3323819935321808,
      -0.000866797287017107,
      -7.919467316241935e-05,
      0.01900818571448326,
      -0.000536335923243314,
      0.0007663332507945597,
      0.000637910736259073,
      -0.00037353846710175276,
      0.0001274293608730659,
      0.00023042556131258607,
      0.00015276075282599777,
      -0.000586112670134753
    ],
    [
      -0.5440976023674011,
      0.0012054393300786614,
      -0.2356119602918625,
      0.0019026355585083365,
      0.1551622897386551,
      -0.04714188724756241,
      -0.2538457214832306,
      0.0018854772206395864,
      -0.002437962917611003,
      0.7512478828430176,
      0.5453780293464661,
      -0.22762542963027954,
      6.691085582133383e-05,
      0.0013756745029240847,
      -0.33686453104019165,
      -0.435350239276886
    ],
    [
      -0.00042949465569108725,
      -0.007208280730992556,
      -0.24023516476154327,
      0.2490391731262207,
      0.0008021293906494975,
      -0.10162700712680817,
      -0.16909833252429962,
      0.000509750097990036,
      -0.23015882074832916,
      0.3665057122707367,
      0.15436801314353943,
      -0.07708137482404709,
      3.593607834773138e-05,
      0.07865343987941742,
      -4.852985148318112e-05,
      -0.28965532779693604
    ],
    [
      -0.25184667110443115,
      -0.25582772493362427,
      -0.3251555263996124,
      0.13942356407642365,
      0.0018243349622935057,
      -0.188006192445755,
      -0.3038281500339508,
      0.2500791549682617,
      -0.3058777451515198,
      0.43344852328300476,
      0.2000432312488556,
      -0.03570936992764473,
      -3.680921872728504e-05,
      0.28947171568870544,
      0.001049585873261094,
      -0.3526430130004883
    ],
    [
      -0.3707391321659088,
      -0.1420832872390747,
      -0.31633540987968445,
      0.13063399493694305,
      0.13971880078315735,
      -0.07449573278427124,
      -0.015502401627600193,
      0.0018628824036568403,
      -0.1590251326560974,
      0.8161906003952026,
      0.5912891030311584,
      -0.28340014815330505,
      -7.239836850203574e-05,
      0.0013628649758175015,
      -0.14987260103225708,
      -0.2630089819431305
    ],
    [
      0.029709678143262863,
      -9.846285684034228e-05,
      -0.22160221636295319,
      0.001944422023370862,
      0.4686886966228485,
      0.006643971893936396,
      -0.0005433940677903593,
      0.0006762127159163356,
      -0.11861011385917664,
      -0.18492066860198975,
      -0.09170527756214142,
      0.25298598408699036,
      4.3647502025123686e-05,
      0.03348340839147568,
      0.0006851042853668332,
      0.000598339713178575
    ],
    [
      -0.1365041583776474,
      -0.013503603637218475,
      0.001305432291701436,
      -0.000969327287748456,
      -0.48417484760284424,
      0.0009461541194468737,
      -0.0004931001458317041,
      -0.05367081239819527,
      0.0013220524415373802,
      -0.00023009537835605443,
      0.03803708404302597,
      -0.0010354367550462484,
      7.164371345425025e-05,
      -0.00037689341115765274,
      0.00030372297624126077,
      -0.00032038416247814894
    ],
    [
      0.10996939986944199,
      0.0004268385237082839,
      -0.0820324718952179,
      0.0009308153530582786,
      0.3857673108577728,
      -0.001008366933092475,
      0.0002804073737934232,
      0.19378545880317688,
      -0.001266906620003283,
      -0.009826860390603542,
      -0.0001449592091375962,
      0.001374530722387135,
      6.781722186133265e-05,
      0.0003274191403761506,
      -0.00023259990848600864,
      0.04982757940888405
    ],
    [
      -0.00010460501653142273,
      -0.08194518089294434,
      0.06759047508239746,
      -0.0011388162383809686,
      -0.3834603428840637,
      0.001053849933668971,
      -0.00039340322837233543,
      -0.04864126816391945,
      0.0017172066727653146,
      0.18069227039813995,
      0.0006457747076638043,
      -0.006965393200516701,
      -4.4320375309325755e-05,
      -0.03058655746281147,
      0.00017655352712608874,
      -0.0007588337757624686
    ],
    [
      -0.7899081110954285,
      -0.5053983926773071,
      -0.2775844633579254,
      0.5872525572776794,
      0.04934639483690262,
      -0.6457947492599487,
      -0.3651524782180786,
      0.0901896059513092,
      -0.2481100857257843,
      1.047668218612671,
      0.534670352935791,
      -0.18071766197681427,
      -1.1902560800081119e-05,
      0.3267424404621124,
      0.004574671387672424,
      -0.6363605856895447
