{
  "fc1.weight": [
    [
      0.38481172919273376,
      0.0004340693703852594
    ],
    [
      -0.3116380572319031,
      -0.00040925847133621573
    ],
    [
      0.14036977291107178,
      0.2946183681488037
    ],
    [
      -0.20738044381141663,
      6.529032543767244e-05
    ],
    [
      0.1872221678495407,
      0.7187880873680115
    ],
    [
      0.16601765155792236,
      0.588624894618988
    ],
    [
      -2.7819129172712564e-05,
      0.00010335425758967176
    ],
    [
      0.07764877378940582,
      0.529804527759552
    ],
    [
      0.3981257677078247,
      -0.1275959312915802
    ],
    [
      -0.00018891680520027876,
      -0.00010548055433901027
    ],
    [
      0.09404420852661133,
      0.0010196592193096876
    ],
    [
      -0.03789572790265083,
      -0.5071849226951599
    ],
    [
      -0.32844629883766174,
      -0.20740701258182526
    ],
    [
      -0.20955228805541992,
      0.9275643229484558
    ],
    [
      0.0001755135745042935,
      6.574765575351194e-05
    ],
    [
      -0.27674245834350586,
      -0.02774154767394066
    ]
  ],
  "fc1.bias": [
    0.8022364377975464,
    0.17643123865127563,
    -0.5060926675796509,
    -0.39902058243751526,
    -1.1660244464874268,
    -0.8958901166915894,
    0.00013590384332928807,
    -1.0150141716003418,
    -0.602104127407074,
    3.7503450585063547e-06,
    0.877906084060669,
    0.8656590580940247,
    0.833611011505127,
    -1.301314353942871,
    -0.00010465823288541287,
    0.00018480396829545498
  ],
  "fc2.weight": [
    [
      -0.2588690519332886,
      0.00023146497551351786,
      -0.00015398295363411307,
      0.0004667908069677651,
      -0.00019462605996523052,
      -0.0002629474620334804,
      0.0002250714460387826,
      -4.459585397853516e-05,
      0.00014875875785946846,
      -0.00014680180174764246,
      -0.3291674852371216,
      9.809923358261585e-05,
      7.93890212662518e-05,
      -1.4236884453566745e-06,
      -0.0004614043573383242,
      0.00047517483471892774
    ],
    [
      -0.21139578521251678,
      0.2754673659801483,
      -0.00044888275442644954,
      0.1225816011428833,
      -0.3033529818058014,
      -0.042082950472831726,
      4.279827408026904e-05,
      -0.00047053315211087465,
      -0.4448832869529724,
      -0.000164785873494111,
      -0.00031469756504520774,
      0.0005191034288145602,
      0.028088176622986794,
      -0.29042336344718933,
      -7.76494707679376e-05,
      0.09688322991132736
    ],
    [
      0.3261794447898865,
      -0.00021463216398842633,
      0.00011299097968731076,
      -0.00042357941856607795,
      0.0001561146491440013,
      0.00022298743715509772,
      -5.2276180213084444e-05,
      1.9855475329677574e-05,
      -0.00013410867541097105,
      -3.0184179195202887e-05,
      0.22376637160778046,
      -2.317809958185535e-05,
      -6.490526720881462e-05,
      -6.169178959680721e-05,
      8.192320819944143e-06,
      -0.0004819194437004626
    ],
    [
      -0.07717422395944595,
      0.0006005571340210736,
      -0.0003648530400823802,
      0.03699786961078644,
      -0.4105626344680786,
      -0.19232499599456787,
      -6.683364335913211e-05,
      -0.0001531232410343364,
      -0.07180391997098923,
      2.3682674509473145e-05,
      -0.07946709543466568,
      0.00018219641060568392,
      0.0002303757646586746,
      -0.00010167399886995554,
      -3.1430878152605146e-05,
      0.21060407161712646
    ],
    [
      -0.6712915897369385,
      0.0009516198188066483,
      -0.0003488727379590273,
      0.15284797549247742,
      -1.534164766781032e-06,
      -0.00010229287727270275,
      -2.5206099962815642e-06,
      0.0001307821657974273,
      0.004146866034716368,
      -2.024391869781539e-05,
      -0.3013584315776825,
      -0.000249041331699118,
      0.00027167933876626194,
      0.5092650651931763,
      0.0002584137546364218,
      0.0012706975685432553
    ],
    [
      -0.0022989336866885424,
      0.0004576759529300034,
      -0.0004169188323430717,
      0.0004876587481703609,
      -0.21561501920223236,
      -0.09317296743392944,
      -0.00025448438827879727,
      -0.000133205991005525,
      6.879300781292841e-05,
      0.0001960087101906538,
      -0.00035823334474116564,
      0.00027782461256720126,
      0.16644611954689026,
      -0.00014853174798190594,
      -3.0432107450906187e-05,
      0.0006857357802800834
    ],
    [
      0.08002755790948868,
      -0.12578576803207397,
      0.02573392353951931,
      -0.062014270573854446,
      0.003026980673894286,
      0.20546197891235352,
      -4.338820144766942e-05,
      0.00018970176461152732,
      0.00041493173921480775,
      0.00021898926934227347,
      0.046997975558042526,
      -0.00031858187867328525,
      -0.17700135707855225,
      0.0005703679053112864,
      -0.00026173386140726507,
      -0.0009220145875588059
    ],
    [
      0.2788846790790558,
      -0.00025160107179544866,
      0.0002423922996968031,
      -0.00043900375021621585,
      0.00020377167675178498,
      0.0002705167862586677,
      -0.00017130927881225944,
      7.033528527244925e-05,
      -0.0001684771996224299,
      7.371400715783238e-05,
      0.05736534297466278,
      -0.00010977885540341958,
      -0.000128885279991664,
      -9.936919013853185e-06,
      -0.00010066213872050866,
      -0.0004947544075548649
    ],
    [
      -0.08724292367696762,
      -0.0003654818283393979,
      -0.338518351316452,
      0.06631144136190414,
      -1.4458321332931519,
      -0.4860810339450836,
      -0.00031302552088163793,
      -0.34800735116004944,
      0.0006848163902759552,
      0.00016415522259194404,
      -0.0001757194404490292,
      0.12895680963993073,
      0.06051582470536232,
      -0.6078196167945862,
      0.00043279837700538337,
      0.0003734009515028447
    ],
    [
      -0.00018546701176092029,
      7.856672164052725e-05,
      2.7310721634421498e-05,
      -1.5620942576788366e-05,
      -0.0001350593811366707,
      -0.0001494488533353433,
      -3.0055874958634377e-05,
      0.00013249769108369946,
      -0.00021675534662790596,
      -0.00011481643741717562,
      2.7897433028556406e-05,
      -0.00012142019113525748,
      -3.8901634979993105e-06,
      2.1863579604541883e-05,
      -0.0002308594121132046,
      5.3362447943072766e-05
    ],
    [
      -0.3413918912410736,
      0.11490026861429214,
      -0.0004410819965414703,
      0.03782142326235771,
      -0.1510557383298874,
      -0.19263777136802673,
      1.9375536794541404e-05,
      -0.0002421376993879676,
      -0.0010583536932244897,
      -0.0001268153137061745,
      -0.00036600555176846683,
      0.0008674795390106738,
      0.0002009010931942612,
      -0.06515748053789139,
      -5.555272218771279e-05,
      0.3145121932029724
    ],
    [
      -0.00011496468505356461,
      0.0002353483869228512,
      -0.00019356980919837952,
      0.00020036421483382583,
      -6.516002758871764e-05,
      -0.0002248170494567603,
      2.7909722120966762e-05,
      2.5320750864921138e-06,
      0.00014410994481295347,
      7.958627247717232e-05,
      -0.10455136746168137,
      3.602269498514943e-05,
      0.00010559259681031108,
      0.00018004847515840083,
      -0.00016697324463166296,
      0.00041994007187895477
    ],
    [
      0.18734177947044373,
      0.0026466939598321915,
      -0.24342447519302368,
      -0.03784867376089096,
      -2.0401663780212402,
      -0.9730036854743958,
      -7.939123315736651e-05,
      -2.1785480976104736,
      -0.16351303458213806,
      -3.62191567546688e-05,
      0.31314894556999207,
      1.1047792434692383,
      0.4374454915523529,
      -2.2917189598083496,
      -0.0004597559745889157,
      0.0008928987081162632
    ],
    [
      0.06285139173269272,
      -0.00029132564668543637,
      0.0003057691501453519,
      -0.0022927571553736925,
      0.00024089677026495337,
      0.00029733922565355897,
      -0.00012586273078341037,
