{
  "fc1.weight": [
    [
      -0.2616899907588959,
      0.08334522694349289
    ],
    [
      -5.6812577895470895e-06,
      -1.4046192518435419e-05
    ],
    [
      -0.12009825557470322,
      0.42139431834220886
    ],
    [
      0.375888466835022,
      0.0016530858119949698
    ],
    [
      0.3504714071750641,
      0.01040234137326479
    ],
    [
      0.1922924667596817,
      0.24495954811573029
    ],
    [
      8.791017899056897e-05,
      -6.862364534754306e-05
    ],
    [
      0.6936529874801636,
      -0.17269206047058105
    ],
    [
      0.2888188660144806,
      0.5849698781967163
    ],
    [
      -0.19790180027484894,
      -0.18381422758102417
    ],
    [
      0.1823797971010208,
      0.5986493825912476
    ],
    [
      0.3670537769794464,
      0.21273589134216309
    ],
    [
      0.17265936732292175,
      -0.0042448099702596664
    ],
    [
      0.02970648556947708,
      -0.8535079956054688
    ],
    [
      0.07805991172790527,
      0.7551465034484863
    ],
    [
      0.4170963168144226,
      -0.5308818221092224
    ]
  ],
  "fc1.bias": [
    -1.1701116561889648,
    1.0808106708282139e-05,
    -0.2994670569896698,
    -0.2310226857662201,
    0.7926363348960876,
    -0.15088941156864166,
    0.00018741085659712553,
    0.2279827892780304,
    -1.107986330986023,
    0.04587211459875107,
    -0.9557660818099976,
    -0.0005260750185698271,
    0.8755971193313599,
    1.226344108581543,
    -1.3479268550872803,
    -0.9576964974403381
  ],
  "fc2.weight": [
    [
      0.4381885230541229,
      1.8210885173175484e-06,
      0.2102561742067337,
      -0.00031600194051861763,
      -0.0015651533612981439,
      0.18736104667186737,
      -9.808960021473467e-05,
      -0.3186078667640686,
      0.9671615362167358,
      -0.11463169008493423,
      1.0382084846496582,
      -0.0010354936821386218,
      -0.34357717633247375,
      -1.9322057962417603,
      2.5182840824127197,
      0.1546792834997177
    ],
    [
      -0.22174987196922302,
      4.874341539107263e-05,
      -0.1674906611442566,
      0.0008045812719501555,
      0.22773107886314392,
      -0.003062130883336067,
      -0.00018701114458963275,
      0.15063588321208954,
      -0.771851122379303,
      -0.0011449108133092523,
      -1.2507319450378418,
      0.0014150083297863603,
      0.040736667811870575,
      2.0675384998321533,
      -2.5598530769348145,
      -0.2539009749889374
    ],
    [
      -0.05150149017572403,
      -2.6962396077578887e-05,
      0.07968763262033463,
      0.26616689562797546,
      0.37532466650009155,
      0.03032759577035904,
      0.00014483215636573732,
      -0.0009508061921223998,
      0.275226354598999,
      -0.04082171246409416,
      0.07761426270008087,
      0.33817145228385925,
      0.10071639716625214,
      -0.25486040115356445,
      -0.06338750571012497,
      0.061213310807943344
    ],
    [
      -0.00027987139765173197,
      -2.2893762434250675e-05,
      0.04551173374056816,
      -0.4109113812446594,
      -0.08341801166534424,
      -0.08179441839456558,
      0.00012566022633109242,
      -0.02712326869368553,
      -0.008036794140934944,
      -0.0003929303784389049,
      -0.1951006054878235,
      -0.17318348586559296,
      0.00038087356369942427,
      0.42895153164863586,
      -0.20245949923992157,
      -0.0983463004231453
    ],
    [
      0.13120079040527344,
      -9.358136594528332e-07,
      -0.10748905688524246,
      -0.1889953464269638,
      -0.29893437027931213,
      -0.1096736490726471,
      -0.0003707503783516586,
      0.008734268136322498,
      -0.3794298470020294,
      -0.001556404517032206,
      -0.36692923307418823,
      -0.11437004059553146,
      -0.15743444859981537,
      0.1410382091999054,
      0.00358793418854475,
      -0.3173272907733917
    ],
    [
      -0.5924289226531982,
      9.851034701569006e-05,
      -0.0005914219073019922,
      -0.0013010959373787045,
      0.2256721407175064,
      -0.0022514674346894026,
      -0.0004365007916931063,
      -0.0005651367246173322,
      -0.0007372571853920817,
      0.0024044665042310953,
      -0.0008294156868942082,
      -0.0022313494700938463,
      0.23201189935207367,
      0.0005303918151184916,
      -0.13500145077705383,
      0.0001379854220431298
    ],
    [
      0.00013471537386067212,
      -1.8188815374742262e-05,
      0.0015849601477384567,
      -0.3128112256526947,
      -0.0006900760345160961,
      -0.15977787971496582,
      -0.0001104326729546301,
      0.1086307018995285,
      -0.47503793239593506,
      0.22550652921199799,
      -0.8652238249778748,
      -0.19152244925498962,
      -0.026284491643309593,
      0.6721017360687256,
      -0.3918618857860565,
      -0.11169297993183136
    ],
    [
      -0.0004962029634043574,
      1.5845369489397854e-05,
      -0.00032499132794328034,
      -0.00039231122354976833,
      -0.36606359481811523,
      -0.18372087180614471,
      0.00016663549467921257,
      -0.04688797891139984,
      -0.19401419162750244,
      0.25705328583717346,
      -0.30293604731559753,
      -0.10511890053749084,
      -0.08217371255159378,
      0.0018796081421896815,
      0.0859868973493576,
      -0.08476904779672623
    ],
    [
      -0.1936982274055481,
      3.3277498005190864e-05,
      -0.0006917394348420203,
      -0.0010834644781425595,
      0.3363235890865326,
      -0.002160542644560337,
      5.984422750771046e-05,
      -0.0003183037042617798,
      -0.0006574634462594986,
      0.0023272887337952852,
      -0.0007580495439469814,
      -0.0021608981769531965,
      0.34116166830062866,
      0.0004425669612828642,
      -0.14794710278511047,
      0.00030873643117956817
    ],
    [
      0.5619398355484009,
      -4.6381544962059706e-05,
      0.0007104428950697184,
      0.001722926739603281,
      -0.30633509159088135,
      0.002530057914555073,
      6.354807555908337e-05,
      0.0010192643385380507,
      0.0012091650860384107,
      -0.002793764229863882,
      0.015623577870428562,
      0.0029126203153282404,
      -0.4735848009586334,
      -0.0009691215818747878,
      0.0011079622199758887,
      0.06285323947668076
    ],
    [
      0.3250579237937927,
      2.2669228201266378e-05,
      0.0007831011316739023,
      0.0010554810287430882,
      -0.3202645778656006,
      0.002100688638165593,
      0.0002880962856579572,
      3.5874531022273004e-05,
      0.0006066462956368923,
      -0.002339979400858283,
      0.0007040905184112489,
      0.001976241124793887,
      -0.4011138379573822,
      -0.00046611574362032115,
      0.038762111216783524,
      -0.0004271731886547059
    ],
    [
      -0.48342618346214294,
      -4.612531483871862e-05,
      -0.0008237458532676101,
      -0.0010363333858549595,
      0.3743288815021515,
      -0.001822134479880333,
      -0.00023594137746840715,
      0.04071212187409401,
      0.11762361973524094,
      0.0005664601922035217,
      -0.0005218947771936655,
      0.1458740234375,
      0.23365646600723267,
      0.0004510310245677829,
      -0.0006479129078797996,
      0.04974910616874695
    ],
    [
      0.584070086479187,
      -4.429759428603575e-06,
      0.0007227141177281737,
      0.0011428827419877052,
      -0.16786319017410278,
      0.002189549384638667,
      0.0002040970721282065,
      0.0002755134191829711,
      0.0006807450554333627,
      -0.002412259578704834,
      0.007894658483564854,
      0.002100406214594841,
      -0.2713695764541626,
      -0.0005339289782568812,
      0.000627007451839745,
      -0.00029216118855401874
    ],
    [
      -0.46372199058532715,
      6.833362567704171e-05,
      -0.0005487827584147453,
      -0.0014978359686210752,
      0.4517550766468048,
      -0.002308652037754655,
      4.0992526919580996e-05,
      0.014077658765017986,
      -0.000913632451556623,
      0.0025213591288775206,
      -0.000984220765531063,
      -0.0024848971515893936,
      0.27158495783805847,
      0.0007197364466264844,
