{
    "coulomb": {
        "GPLearn_noise": {
            "MAE": null,
            "MSE": null,
            "error": "Cannot convert expression to float"
        },
        "MLP_Dropout_noise": {
            "MAE": 0.9707631733570219,
            "MSE": 0.9658270086084358
        },
        "MLP_Sparse_noise": {
            "MAE": 0.8492816954131333,
            "MSE": 0.7976161658158992
        },
        "MLP_Standard_noise": {
            "MAE": 0.6835579639698474,
            "MSE": 0.5069121967262876
        },
        "Polynomial_noise": {
            "MAE": null,
            "MSE": null,
            "error": "Cannot convert expression to float"
        },
        "PySINDy_noise": {
            "MAE": null,
            "MSE": null,
            "error": "Cannot convert expression to float"
        },
        "PySR_noise": {
            "MAE": null,
            "MSE": null,
            "error": "Cannot convert expression to float"
        },
        "QLattice_noise": {
            "MAE": null,
            "MSE": null,
            "error": "Cannot convert expression to float"
        }
    },
    "oscillator": {
        "GPLearn_noise": {
            "MAE": 0.022428948222463305,
            "MSE": 0.0005218756288111896
        },
        "MLP_Dropout_noise": {
            "MAE": 0.1719568152216103,
            "MSE": 0.03818585204812533
        },
        "MLP_Sparse_noise": {
            "MAE": 1.5633176916728324,
            "MSE": 2.9863436136151713
        },
        "MLP_Standard_noise": {
            "MAE": 0.03134561384817887,
            "MSE": 0.0011554917447138754
        },
        "Polynomial_noise": {
            "MAE": 0.0005320837042681754,
            "MSE": 4.802362018849702e-07
        },
        "PySINDy_noise": {
            "MAE": 5.347477966016534e-07,
            "MSE": 2.9665194962598746e-13
        },
        "PySR_noise": {
            "MAE": 0.0,
            "MSE": 0.0
        },
        "QLattice_noise": {
            "MAE": null,
            "MSE": null,
            "error": "Input contains NaN."
        }
    },
    "kepler": {
        "GPLearn_noise": {
            "MAE": 3.787192781601334e-16,
            "MSE": 1.17887373676228e-30
        },
        "MLP_Dropout_noise": {
            "MAE": 10.48460598797341,
            "MSE": 132.43428569272268
        },
        "MLP_Sparse_noise": {
            "MAE": 15.758203676028447,
            "MSE": 295.9213909665258
        },
        "MLP_Standard_noise": {
            "MAE": 8.915097364659506,
            "MSE": 97.82955182290029
        },
        "Polynomial_noise": {
            "MAE": 175.35645352719374,
            "MSE": 60962.27858708401
        },
        "PySINDy_noise": {
            "MAE": 5.14484166115398,
            "MSE": 47.96446779528304
        },
        "PySR_noise": {
            "MAE": 0.00010228895992462732,
            "MSE": 1.2858126735407199e-08
        },
        "QLattice_noise": {
            "MAE": 0.005250723833586102,
            "MSE": 3.259344924365227e-05
        }
    },
    "ideal_gas": {
        "GPLearn_high": {
            "MAE": 0.0,
            "MSE": 0.0
        },
        "GPLearn_low": {
            "MAE": 0.0,
            "MSE": 0.0
        },
        "GPLearn_no": {
            "MAE": 0.0,
            "MSE": 0.0
        },
        "MLP_Dropout_high": {
            "MAE": 3.922280952900763,
            "MSE": 16.43987790739542
        },
        "MLP_Dropout_low": {
            "MAE": 3.1261317213858346,
            "MSE": 10.567949289132505
        },
        "MLP_Dropout_no": {
            "MAE": 3.35681124131613,
            "MSE": 12.294766169123278
        },
        "MLP_Sparse_high": {
            "MAE": 3.20373732849293,
            "MSE": 10.95982320276126
        },
        "MLP_Sparse_low": {
            "MAE": 3.0153231155388855,
            "MSE": 10.16518141892331
        },
        "MLP_Sparse_no": {
            "MAE": 3.015507618212035,
            "MSE": 10.083467237263807
        },
        "MLP_Standard_high": {
            "MAE": 2.8398699354790953,
            "MSE": 8.740513090447815
        },
        "MLP_Standard_low": {
            "MAE": 2.689517808949282,
            "MSE": 7.906066930817734
        },
        "MLP_Standard_no": {
            "MAE": 2.926455264861962,
            "MSE": 9.214445812308915
        },
        "Polynomial_high": {
            "MAE": 29.988085224461848,
            "MSE": 1646.3830806933672
        },
        "Polynomial_low": {
            "MAE": 36.01909760531186,
            "MSE": 2829.7450143518327
        },
        "Polynomial_no": {
            "MAE": 41.337191659269834,
            "MSE": 3273.2473102685713
        },
        "PySINDy_high": {
            "MAE": 45.99821182208846,
            "MSE": 3463.9520433048756
        },
        "PySINDy_low": {
            "MAE": 61.97157486694774,
            "MSE": 6341.3706177518825
        },
        "PySINDy_no": {
            "MAE": 74.83189604813694,
            "MSE": 9020.071370716643
        },
        "PySR_high": {
            "MAE": 0.0,
            "MSE": 0.0
        },
        "PySR_low": {
            "MAE": 0.0,
            "MSE": 0.0
        },
        "PySR_no": {
            "MAE": 0.0,
            "MSE": 0.0
        },
        "QLattice_high": {
            "MAE": 4.465860930071964,
            "MSE": 22.364767683140833
        },
        "QLattice_low": {
            "MAE": 1.1516139065154773,
            "MSE": 1.4719176149064621
        },
        "QLattice_no": {
            "MAE": 0.0007395031141332855,
            "MSE": 6.092307220482161e-07
        }
    },
    "projectile_range": {
        "GPLearn_high": {
            "MAE": 37.76394087042401,
            "MSE": 1941.8733609055885
        },
        "GPLearn_low": {
            "MAE": 37.76394087042401,
            "MSE": 1941.8733609055885
        },
        "GPLearn_no": {
            "MAE": 37.76394087042401,
            "MSE": 1941.8733609055885
        },
        "MLP_Dropout_high": {
            "MAE": 31.933669278021778,
            "MSE": 1499.2520065297995
        },
        "MLP_Dropout_low": {
            "MAE": 34.08442899093526,
            "MSE": 1670.070877324396
        },
        "MLP_Dropout_no": {
            "MAE": 34.36859920411575,
            "MSE": 1696.0055765754432
        },
        "MLP_Sparse_high": {
            "MAE": 34.361849482944564,
            "MSE": 1705.59484220695
        },
        "MLP_Sparse_low": {
            "MAE": 33.910221572302746,
            "MSE": 1679.4953555924483
        },
        "MLP_Sparse_no": {
            "MAE": 33.648367173103416,
            "MSE": 1653.43986904547
        },
        "MLP_Standard_high": {
            "MAE": 31.642234794153623,
            "MSE": 1494.5489648650935
        },
        "MLP_Standard_low": {
            "MAE": 30.384462825690825,
            "MSE": 1404.8393187948845
        },
        "MLP_Standard_no": {
            "MAE": 28.955208781308965,
            "MSE": 1305.6607206207127
        },
        "Polynomial_high": {
            "MAE": 38.02602041107962,
            "MSE": 1960.9460078813643
        },
        "Polynomial_low": {
            "MAE": 38.01608158523894,
            "MSE": 1960.4530882487763
        },
        "Polynomial_no": {
            "MAE": 38.01561210635081,
            "MSE": 1960.4204313689008
        },
        "PySINDy_high": {
            "MAE": 38.0421978703447,
            "MSE": 1966.0798634370647
        },
        "PySINDy_low": {
            "MAE": 37.762343454629125,
            "MSE": 1941.7518099289723
        },
        "PySINDy_no": {
            "MAE": 37.764017213600994,
            "MSE": 1941.8234207234916
        },
        "PySR_high": {
            "MAE": 37.76394087042401,
            "MSE": 1941.8733609055885
        },
        "PySR_low": {
            "MAE": 37.76394087042401,
            "MSE": 1941.8733609055885
        },
        "PySR_no": {
            "MAE": 37.76394087042401,