{
  "feature_names_out": [
    "x",
    "x^2",
    "x^3"
  ],
  "coefficients": [
    -1.0000001192092896,
    -2.683182387386296e-08,
    4.415117871303664e-08
  ],
  "intercept": 7.748606201118946e-09
}